,ID,NAME,TYPE_ONE,TYPE_TWO,FAST_MOVE,CHARGE_MOVE
0,0157,Hisuian Typhlosion,Fire,Ghost,Ember,Fire Punch
1,0157,Hisuian Typhlosion,Fire,Ghost,Ember,Overheat
2,0157,Hisuian Typhlosion,Fire,Ghost,Ember,Shadow Ball
3,0157,Hisuian Typhlosion,Fire,Ghost,Ember,Wild Charge
4,0157,Hisuian Typhlosion,Fire,Ghost,Ember,Return
5,0157,Hisuian Typhlosion,Fire,Ghost,Hex,Fire Punch
6,0157,Hisuian Typhlosion,Fire,Ghost,Hex,Overheat
7,0157,Hisuian Typhlosion,Fire,Ghost,Hex,Shadow Ball
8,0157,Hisuian Typhlosion,Fire,Ghost,Hex,Wild Charge
9,0157,Hisuian Typhlosion,Fire,Ghost,Hex,Return
10,0157,Shadow Hisuian Typhlosion,Fire,Ghost,Ember,Fire Punch
11,0157,Shadow Hisuian Typhlosion,Fire,Ghost,Ember,Overheat
12,0157,Shadow Hisuian Typhlosion,Fire,Ghost,Ember,Shadow Ball
13,0157,Shadow Hisuian Typhlosion,Fire,Ghost,Ember,Wild Charge
14,0157,Shadow Hisuian Typhlosion,Fire,Ghost,Ember,Frustration
15,0157,Shadow Hisuian Typhlosion,Fire,Ghost,Hex,Fire Punch
16,0157,Shadow Hisuian Typhlosion,Fire,Ghost,Hex,Overheat
17,0157,Shadow Hisuian Typhlosion,Fire,Ghost,Hex,Shadow Ball
18,0157,Shadow Hisuian Typhlosion,Fire,Ghost,Hex,Wild Charge
19,0157,Shadow Hisuian Typhlosion,Fire,Ghost,Hex,Frustration
20,0194,Paldean Wooper,Poison,Ground,Mud Shot,Body Slam
21,0194,Paldean Wooper,Poison,Ground,Mud Shot,Dig
22,0194,Paldean Wooper,Poison,Ground,Mud Shot,Sludge Wave
23,0194,Paldean Wooper,Poison,Ground,Mud Shot,Return
24,0194,Paldean Wooper,Poison,Ground,Poison Jab,Body Slam
25,0194,Paldean Wooper,Poison,Ground,Poison Jab,Dig
26,0194,Paldean Wooper,Poison,Ground,Poison Jab,Sludge Wave
27,0194,Paldean Wooper,Poison,Ground,Poison Jab,Return
28,0194,Shadow Paldean Wooper,Poison,Ground,Mud Shot,Body Slam
29,0194,Shadow Paldean Wooper,Poison,Ground,Mud Shot,Dig
30,0194,Shadow Paldean Wooper,Poison,Ground,Mud Shot,Sludge Wave
31,0194,Shadow Paldean Wooper,Poison,Ground,Mud Shot,Frustration
32,0194,Shadow Paldean Wooper,Poison,Ground,Poison Jab,Body Slam
33,0194,Shadow Paldean Wooper,Poison,Ground,Poison Jab,Dig
34,0194,Shadow Paldean Wooper,Poison,Ground,Poison Jab,Sludge Wave
35,0194,Shadow Paldean Wooper,Poison,Ground,Poison Jab,Frustration
36,0249,Apex Lugia,Psychic,Flying,Dragon Tail,Future Sight
37,0249,Apex Lugia,Psychic,Flying,Dragon Tail,Hydro Pump
38,0249,Apex Lugia,Psychic,Flying,Dragon Tail,Sky Attack
39,0249,Apex Lugia,Psychic,Flying,Dragon Tail,Aeroblast
40,0249,Apex Lugia,Psychic,Flying,Dragon Tail,Aeroblast
41,0249,Apex Lugia,Psychic,Flying,Dragon Tail,Aeroblast
42,0249,Apex Lugia,Psychic,Flying,Extrasensory,Future Sight
43,0249,Apex Lugia,Psychic,Flying,Extrasensory,Hydro Pump
44,0249,Apex Lugia,Psychic,Flying,Extrasensory,Sky Attack
45,0249,Apex Lugia,Psychic,Flying,Extrasensory,Aeroblast
46,0249,Apex Lugia,Psychic,Flying,Extrasensory,Aeroblast
47,0249,Apex Lugia,Psychic,Flying,Extrasensory,Aeroblast
48,0249,Shadow Apex Lugia,Psychic,Flying,Dragon Tail,Future Sight
49,0249,Shadow Apex Lugia,Psychic,Flying,Dragon Tail,Hydro Pump
50,0249,Shadow Apex Lugia,Psychic,Flying,Dragon Tail,Sky Attack
51,0249,Shadow Apex Lugia,Psychic,Flying,Dragon Tail,Aeroblast
52,0249,Shadow Apex Lugia,Psychic,Flying,Dragon Tail,Aeroblast
53,0249,Shadow Apex Lugia,Psychic,Flying,Dragon Tail,Aeroblast
54,0249,Shadow Apex Lugia,Psychic,Flying,Extrasensory,Future Sight
55,0249,Shadow Apex Lugia,Psychic,Flying,Extrasensory,Hydro Pump
56,0249,Shadow Apex Lugia,Psychic,Flying,Extrasensory,Sky Attack
57,0249,Shadow Apex Lugia,Psychic,Flying,Extrasensory,Aeroblast
58,0249,Shadow Apex Lugia,Psychic,Flying,Extrasensory,Aeroblast
59,0249,Shadow Apex Lugia,Psychic,Flying,Extrasensory,Aeroblast
60,0250,Apex Ho-Oh,Fire,Flying,Extrasensory,Brave Bird
61,0250,Apex Ho-Oh,Fire,Flying,Extrasensory,Fire Blast
62,0250,Apex Ho-Oh,Fire,Flying,Extrasensory,Solar Beam
63,0250,Apex Ho-Oh,Fire,Flying,Extrasensory,Earthquake
64,0250,Apex Ho-Oh,Fire,Flying,Extrasensory,Sacred Fire
65,0250,Apex Ho-Oh,Fire,Flying,Extrasensory,Sacred Fire
66,0250,Apex Ho-Oh,Fire,Flying,Extrasensory,Sacred Fire
67,0250,Apex Ho-Oh,Fire,Flying,Hidden Power,Brave Bird
68,0250,Apex Ho-Oh,Fire,Flying,Hidden Power,Fire Blast
69,0250,Apex Ho-Oh,Fire,Flying,Hidden Power,Solar Beam
70,0250,Apex Ho-Oh,Fire,Flying,Hidden Power,Earthquake
71,0250,Apex Ho-Oh,Fire,Flying,Hidden Power,Sacred Fire
72,0250,Apex Ho-Oh,Fire,Flying,Hidden Power,Sacred Fire
73,0250,Apex Ho-Oh,Fire,Flying,Hidden Power,Sacred Fire
74,0250,Apex Ho-Oh,Fire,Flying,Incinerate,Brave Bird
75,0250,Apex Ho-Oh,Fire,Flying,Incinerate,Fire Blast
76,0250,Apex Ho-Oh,Fire,Flying,Incinerate,Solar Beam
77,0250,Apex Ho-Oh,Fire,Flying,Incinerate,Earthquake
78,0250,Apex Ho-Oh,Fire,Flying,Incinerate,Sacred Fire
79,0250,Apex Ho-Oh,Fire,Flying,Incinerate,Sacred Fire
80,0250,Apex Ho-Oh,Fire,Flying,Incinerate,Sacred Fire
81,0250,Apex Ho-Oh,Fire,Flying,Steel Wing,Brave Bird
82,0250,Apex Ho-Oh,Fire,Flying,Steel Wing,Fire Blast
83,0250,Apex Ho-Oh,Fire,Flying,Steel Wing,Solar Beam
84,0250,Apex Ho-Oh,Fire,Flying,Steel Wing,Earthquake
85,0250,Apex Ho-Oh,Fire,Flying,Steel Wing,Sacred Fire
86,0250,Apex Ho-Oh,Fire,Flying,Steel Wing,Sacred Fire
87,0250,Apex Ho-Oh,Fire,Flying,Steel Wing,Sacred Fire
88,0250,Shadow Apex Ho-Oh,Fire,Flying,Extrasensory,Brave Bird
89,0250,Shadow Apex Ho-Oh,Fire,Flying,Extrasensory,Fire Blast
90,0250,Shadow Apex Ho-Oh,Fire,Flying,Extrasensory,Solar Beam
91,0250,Shadow Apex Ho-Oh,Fire,Flying,Extrasensory,Earthquake
92,0250,Shadow Apex Ho-Oh,Fire,Flying,Extrasensory,Sacred Fire
93,0250,Shadow Apex Ho-Oh,Fire,Flying,Extrasensory,Sacred Fire
94,0250,Shadow Apex Ho-Oh,Fire,Flying,Extrasensory,Sacred Fire
95,0250,Shadow Apex Ho-Oh,Fire,Flying,Hidden Power,Brave Bird
96,0250,Shadow Apex Ho-Oh,Fire,Flying,Hidden Power,Fire Blast
97,0250,Shadow Apex Ho-Oh,Fire,Flying,Hidden Power,Solar Beam
98,0250,Shadow Apex Ho-Oh,Fire,Flying,Hidden Power,Earthquake
99,0250,Shadow Apex Ho-Oh,Fire,Flying,Hidden Power,Sacred Fire
100,0250,Shadow Apex Ho-Oh,Fire,Flying,Hidden Power,Sacred Fire
101,0250,Shadow Apex Ho-Oh,Fire,Flying,Hidden Power,Sacred Fire
102,0250,Shadow Apex Ho-Oh,Fire,Flying,Incinerate,Brave Bird
103,0250,Shadow Apex Ho-Oh,Fire,Flying,Incinerate,Fire Blast
104,0250,Shadow Apex Ho-Oh,Fire,Flying,Incinerate,Solar Beam
105,0250,Shadow Apex Ho-Oh,Fire,Flying,Incinerate,Earthquake
106,0250,Shadow Apex Ho-Oh,Fire,Flying,Incinerate,Sacred Fire
107,0250,Shadow Apex Ho-Oh,Fire,Flying,Incinerate,Sacred Fire
108,0250,Shadow Apex Ho-Oh,Fire,Flying,Incinerate,Sacred Fire
109,0250,Shadow Apex Ho-Oh,Fire,Flying,Steel Wing,Brave Bird
110,0250,Shadow Apex Ho-Oh,Fire,Flying,Steel Wing,Fire Blast
111,0250,Shadow Apex Ho-Oh,Fire,Flying,Steel Wing,Solar Beam
112,0250,Shadow Apex Ho-Oh,Fire,Flying,Steel Wing,Earthquake
113,0250,Shadow Apex Ho-Oh,Fire,Flying,Steel Wing,Sacred Fire
114,0250,Shadow Apex Ho-Oh,Fire,Flying,Steel Wing,Sacred Fire
115,0250,Shadow Apex Ho-Oh,Fire,Flying,Steel Wing,Sacred Fire
116,0422,Shellos East Sea,Water,,Hidden Power,Body Slam
117,0422,Shellos East Sea,Water,,Hidden Power,Mud Bomb
118,0422,Shellos East Sea,Water,,Hidden Power,Water Pulse
119,0422,Shellos East Sea,Water,,Mud-Slap,Body Slam
120,0422,Shellos East Sea,Water,,Mud-Slap,Mud Bomb
121,0422,Shellos East Sea,Water,,Mud-Slap,Water Pulse
122,0422,Shadow Shellos East Sea,Water,,Hidden Power,Body Slam
123,0422,Shadow Shellos East Sea,Water,,Hidden Power,Mud Bomb
124,0422,Shadow Shellos East Sea,Water,,Hidden Power,Water Pulse
125,0422,Shadow Shellos East Sea,Water,,Mud-Slap,Body Slam
126,0422,Shadow Shellos East Sea,Water,,Mud-Slap,Mud Bomb
127,0422,Shadow Shellos East Sea,Water,,Mud-Slap,Water Pulse
128,0422,Shellos West Sea,Water,,Hidden Power,Body Slam
129,0422,Shellos West Sea,Water,,Hidden Power,Mud Bomb
130,0422,Shellos West Sea,Water,,Hidden Power,Water Pulse
131,0422,Shellos West Sea,Water,,Mud-Slap,Body Slam
132,0422,Shellos West Sea,Water,,Mud-Slap,Mud Bomb
133,0422,Shellos West Sea,Water,,Mud-Slap,Water Pulse
134,0422,Shadow Shellos West Sea,Water,,Hidden Power,Body Slam
135,0422,Shadow Shellos West Sea,Water,,Hidden Power,Mud Bomb
136,0422,Shadow Shellos West Sea,Water,,Hidden Power,Water Pulse
137,0422,Shadow Shellos West Sea,Water,,Mud-Slap,Body Slam
138,0422,Shadow Shellos West Sea,Water,,Mud-Slap,Mud Bomb
139,0422,Shadow Shellos West Sea,Water,,Mud-Slap,Water Pulse
140,0423,Gastrodon East Sea,Water,Ground,Hidden Power,Body Slam
141,0423,Gastrodon East Sea,Water,Ground,Hidden Power,Earth Power
142,0423,Gastrodon East Sea,Water,Ground,Hidden Power,Water Pulse
143,0423,Gastrodon East Sea,Water,Ground,Mud-Slap,Body Slam
144,0423,Gastrodon East Sea,Water,Ground,Mud-Slap,Earth Power
145,0423,Gastrodon East Sea,Water,Ground,Mud-Slap,Water Pulse
146,0423,Shadow Gastrodon East Sea,Water,Ground,Hidden Power,Body Slam
147,0423,Shadow Gastrodon East Sea,Water,Ground,Hidden Power,Earth Power
148,0423,Shadow Gastrodon East Sea,Water,Ground,Hidden Power,Water Pulse
149,0423,Shadow Gastrodon East Sea,Water,Ground,Mud-Slap,Body Slam
150,0423,Shadow Gastrodon East Sea,Water,Ground,Mud-Slap,Earth Power
151,0423,Shadow Gastrodon East Sea,Water,Ground,Mud-Slap,Water Pulse
152,0423,Gastrodon West Sea,Water,Ground,Hidden Power,Body Slam
153,0423,Gastrodon West Sea,Water,Ground,Hidden Power,Earth Power
154,0423,Gastrodon West Sea,Water,Ground,Hidden Power,Water Pulse
155,0423,Gastrodon West Sea,Water,Ground,Mud-Slap,Body Slam
156,0423,Gastrodon West Sea,Water,Ground,Mud-Slap,Earth Power
157,0423,Gastrodon West Sea,Water,Ground,Mud-Slap,Water Pulse
158,0423,Shadow Gastrodon West Sea,Water,Ground,Hidden Power,Body Slam
159,0423,Shadow Gastrodon West Sea,Water,Ground,Hidden Power,Earth Power
160,0423,Shadow Gastrodon West Sea,Water,Ground,Hidden Power,Water Pulse
161,0423,Shadow Gastrodon West Sea,Water,Ground,Mud-Slap,Body Slam
162,0423,Shadow Gastrodon West Sea,Water,Ground,Mud-Slap,Earth Power
163,0423,Shadow Gastrodon West Sea,Water,Ground,Mud-Slap,Water Pulse
164,0479,Rotom Frost,Electric,Ice,Astonish,Blizzard
165,0479,Rotom Frost,Electric,Ice,Astonish,Thunder
166,0479,Rotom Frost,Electric,Ice,Astonish,Thunderbolt
167,0479,Rotom Frost,Electric,Ice,Thunder Shock,Blizzard
168,0479,Rotom Frost,Electric,Ice,Thunder Shock,Thunder
169,0479,Rotom Frost,Electric,Ice,Thunder Shock,Thunderbolt
170,0479,Shadow Rotom Frost,Electric,Ice,Astonish,Blizzard
171,0479,Shadow Rotom Frost,Electric,Ice,Astonish,Thunder
172,0479,Shadow Rotom Frost,Electric,Ice,Astonish,Thunderbolt
173,0479,Shadow Rotom Frost,Electric,Ice,Thunder Shock,Blizzard
174,0479,Shadow Rotom Frost,Electric,Ice,Thunder Shock,Thunder
175,0479,Shadow Rotom Frost,Electric,Ice,Thunder Shock,Thunderbolt
176,0479,Rotom Mow,Electric,Grass,Astonish,Ominous Wind
177,0479,Rotom Mow,Electric,Grass,Astonish,Thunder
178,0479,Rotom Mow,Electric,Grass,Astonish,Thunderbolt
179,0479,Rotom Mow,Electric,Grass,Thunder Shock,Ominous Wind
180,0479,Rotom Mow,Electric,Grass,Thunder Shock,Thunder
181,0479,Rotom Mow,Electric,Grass,Thunder Shock,Thunderbolt
182,0479,Shadow Rotom Mow,Electric,Grass,Astonish,Ominous Wind
183,0479,Shadow Rotom Mow,Electric,Grass,Astonish,Thunder
184,0479,Shadow Rotom Mow,Electric,Grass,Astonish,Thunderbolt
185,0479,Shadow Rotom Mow,Electric,Grass,Thunder Shock,Ominous Wind
186,0479,Shadow Rotom Mow,Electric,Grass,Thunder Shock,Thunder
187,0479,Shadow Rotom Mow,Electric,Grass,Thunder Shock,Thunderbolt
188,0484,Palkia Origin Forme,Water,Dragon,Dragon Breath,Aqua Tail
189,0484,Palkia Origin Forme,Water,Dragon,Dragon Breath,Draco Meteor
190,0484,Palkia Origin Forme,Water,Dragon,Dragon Breath,Fire Blast
191,0484,Palkia Origin Forme,Water,Dragon,Dragon Breath,Hydro Pump
192,0484,Palkia Origin Forme,Water,Dragon,Dragon Tail,Aqua Tail
193,0484,Palkia Origin Forme,Water,Dragon,Dragon Tail,Draco Meteor
194,0484,Palkia Origin Forme,Water,Dragon,Dragon Tail,Fire Blast
195,0484,Palkia Origin Forme,Water,Dragon,Dragon Tail,Hydro Pump
196,0484,Shadow Palkia Origin Forme,Water,Dragon,Dragon Breath,Aqua Tail
197,0484,Shadow Palkia Origin Forme,Water,Dragon,Dragon Breath,Draco Meteor
198,0484,Shadow Palkia Origin Forme,Water,Dragon,Dragon Breath,Fire Blast
199,0484,Shadow Palkia Origin Forme,Water,Dragon,Dragon Breath,Hydro Pump
200,0484,Shadow Palkia Origin Forme,Water,Dragon,Dragon Tail,Aqua Tail
201,0484,Shadow Palkia Origin Forme,Water,Dragon,Dragon Tail,Draco Meteor
202,0484,Shadow Palkia Origin Forme,Water,Dragon,Dragon Tail,Fire Blast
203,0484,Shadow Palkia Origin Forme,Water,Dragon,Dragon Tail,Hydro Pump
204,0636,Larvesta,Bug,Fire,Bug Bite,Bug Buzz
205,0636,Larvesta,Bug,Fire,Bug Bite,Flame Charge
206,0636,Larvesta,Bug,Fire,Bug Bite,Flame Wheel
207,0636,Larvesta,Bug,Fire,Ember,Bug Buzz
208,0636,Larvesta,Bug,Fire,Ember,Flame Charge
209,0636,Larvesta,Bug,Fire,Ember,Flame Wheel
210,0636,Shadow Larvesta,Bug,Fire,Bug Bite,Bug Buzz
211,0636,Shadow Larvesta,Bug,Fire,Bug Bite,Flame Charge
212,0636,Shadow Larvesta,Bug,Fire,Bug Bite,Flame Wheel
213,0636,Shadow Larvesta,Bug,Fire,Ember,Bug Buzz
214,0636,Shadow Larvesta,Bug,Fire,Ember,Flame Charge
215,0636,Shadow Larvesta,Bug,Fire,Ember,Flame Wheel
216,0642,Thundurus Incarnate Forme,Electric,Flying,Astonish,Brick Break
217,0642,Thundurus Incarnate Forme,Electric,Flying,Astonish,Crunch
218,0642,Thundurus Incarnate Forme,Electric,Flying,Astonish,Thunder
219,0642,Thundurus Incarnate Forme,Electric,Flying,Astonish,Thunder Punch
220,0642,Thundurus Incarnate Forme,Electric,Flying,Thunder Shock,Brick Break
221,0642,Thundurus Incarnate Forme,Electric,Flying,Thunder Shock,Crunch
222,0642,Thundurus Incarnate Forme,Electric,Flying,Thunder Shock,Thunder
223,0642,Thundurus Incarnate Forme,Electric,Flying,Thunder Shock,Thunder Punch
224,0642,Shadow Thundurus Incarnate Forme,Electric,Flying,Astonish,Brick Break
225,0642,Shadow Thundurus Incarnate Forme,Electric,Flying,Astonish,Crunch
226,0642,Shadow Thundurus Incarnate Forme,Electric,Flying,Astonish,Thunder
227,0642,Shadow Thundurus Incarnate Forme,Electric,Flying,Astonish,Thunder Punch
228,0642,Shadow Thundurus Incarnate Forme,Electric,Flying,Thunder Shock,Brick Break
229,0642,Shadow Thundurus Incarnate Forme,Electric,Flying,Thunder Shock,Crunch
230,0642,Shadow Thundurus Incarnate Forme,Electric,Flying,Thunder Shock,Thunder
231,0642,Shadow Thundurus Incarnate Forme,Electric,Flying,Thunder Shock,Thunder Punch
232,0647,Keldeo Ordinary Form,Water,Fighting,Low Kick,Aqua Jet
233,0647,Keldeo Ordinary Form,Water,Fighting,Low Kick,Close Combat
234,0647,Keldeo Ordinary Form,Water,Fighting,Low Kick,Hydro Pump
235,0647,Keldeo Ordinary Form,Water,Fighting,Low Kick,Sacred Sword
236,0647,Keldeo Ordinary Form,Water,Fighting,Low Kick,X-Scissor
237,0647,Keldeo Ordinary Form,Water,Fighting,Poison Jab,Aqua Jet
238,0647,Keldeo Ordinary Form,Water,Fighting,Poison Jab,Close Combat
239,0647,Keldeo Ordinary Form,Water,Fighting,Poison Jab,Hydro Pump
240,0647,Keldeo Ordinary Form,Water,Fighting,Poison Jab,Sacred Sword
241,0647,Keldeo Ordinary Form,Water,Fighting,Poison Jab,X-Scissor
242,0647,Shadow Keldeo Ordinary Form,Water,Fighting,Low Kick,Aqua Jet
243,0647,Shadow Keldeo Ordinary Form,Water,Fighting,Low Kick,Close Combat
244,0647,Shadow Keldeo Ordinary Form,Water,Fighting,Low Kick,Hydro Pump
245,0647,Shadow Keldeo Ordinary Form,Water,Fighting,Low Kick,Sacred Sword
246,0647,Shadow Keldeo Ordinary Form,Water,Fighting,Low Kick,X-Scissor
247,0647,Shadow Keldeo Ordinary Form,Water,Fighting,Poison Jab,Aqua Jet
248,0647,Shadow Keldeo Ordinary Form,Water,Fighting,Poison Jab,Close Combat
249,0647,Shadow Keldeo Ordinary Form,Water,Fighting,Poison Jab,Hydro Pump
250,0647,Shadow Keldeo Ordinary Form,Water,Fighting,Poison Jab,Sacred Sword
251,0647,Shadow Keldeo Ordinary Form,Water,Fighting,Poison Jab,X-Scissor
252,0649,Genesect Burn Drive,Bug,Steel,Fury Cutter,Flamethrower
253,0649,Genesect Burn Drive,Bug,Steel,Fury Cutter,Magnet Bomb
254,0649,Genesect Burn Drive,Bug,Steel,Fury Cutter,X-Scissor
255,0649,Genesect Burn Drive,Bug,Steel,Fury Cutter,Techno Blast
256,0649,Genesect Burn Drive,Bug,Steel,Metal Claw,Flamethrower
257,0649,Genesect Burn Drive,Bug,Steel,Metal Claw,Magnet Bomb
258,0649,Genesect Burn Drive,Bug,Steel,Metal Claw,X-Scissor
259,0649,Genesect Burn Drive,Bug,Steel,Metal Claw,Techno Blast
260,0649,Shadow Genesect Burn Drive,Bug,Steel,Fury Cutter,Flamethrower
261,0649,Shadow Genesect Burn Drive,Bug,Steel,Fury Cutter,Magnet Bomb
262,0649,Shadow Genesect Burn Drive,Bug,Steel,Fury Cutter,X-Scissor
263,0649,Shadow Genesect Burn Drive,Bug,Steel,Fury Cutter,Techno Blast
264,0649,Shadow Genesect Burn Drive,Bug,Steel,Metal Claw,Flamethrower
265,0649,Shadow Genesect Burn Drive,Bug,Steel,Metal Claw,Magnet Bomb
266,0649,Shadow Genesect Burn Drive,Bug,Steel,Metal Claw,X-Scissor
267,0649,Shadow Genesect Burn Drive,Bug,Steel,Metal Claw,Techno Blast
268,0649,Genesect Chill Drive,Bug,Steel,Fury Cutter,Ice Beam
269,0649,Genesect Chill Drive,Bug,Steel,Fury Cutter,Magnet Bomb
270,0649,Genesect Chill Drive,Bug,Steel,Fury Cutter,X-Scissor
271,0649,Genesect Chill Drive,Bug,Steel,Fury Cutter,Techno Blast
272,0649,Genesect Chill Drive,Bug,Steel,Metal Claw,Ice Beam
273,0649,Genesect Chill Drive,Bug,Steel,Metal Claw,Magnet Bomb
274,0649,Genesect Chill Drive,Bug,Steel,Metal Claw,X-Scissor
275,0649,Genesect Chill Drive,Bug,Steel,Metal Claw,Techno Blast
276,0649,Shadow Genesect Chill Drive,Bug,Steel,Fury Cutter,Ice Beam
277,0649,Shadow Genesect Chill Drive,Bug,Steel,Fury Cutter,Magnet Bomb
278,0649,Shadow Genesect Chill Drive,Bug,Steel,Fury Cutter,X-Scissor
279,0649,Shadow Genesect Chill Drive,Bug,Steel,Fury Cutter,Techno Blast
280,0649,Shadow Genesect Chill Drive,Bug,Steel,Metal Claw,Ice Beam
281,0649,Shadow Genesect Chill Drive,Bug,Steel,Metal Claw,Magnet Bomb
282,0649,Shadow Genesect Chill Drive,Bug,Steel,Metal Claw,X-Scissor
283,0649,Shadow Genesect Chill Drive,Bug,Steel,Metal Claw,Techno Blast
284,0649,Genesect Douse Drive,Bug,Steel,Fury Cutter,Gunk Shot
285,0649,Genesect Douse Drive,Bug,Steel,Fury Cutter,Magnet Bomb
286,0649,Genesect Douse Drive,Bug,Steel,Fury Cutter,X-Scissor
287,0649,Genesect Douse Drive,Bug,Steel,Fury Cutter,Techno Blast
288,0649,Genesect Douse Drive,Bug,Steel,Metal Claw,Gunk Shot
289,0649,Genesect Douse Drive,Bug,Steel,Metal Claw,Magnet Bomb
290,0649,Genesect Douse Drive,Bug,Steel,Metal Claw,X-Scissor
291,0649,Genesect Douse Drive,Bug,Steel,Metal Claw,Techno Blast
292,0649,Shadow Genesect Douse Drive,Bug,Steel,Fury Cutter,Gunk Shot
293,0649,Shadow Genesect Douse Drive,Bug,Steel,Fury Cutter,Magnet Bomb
294,0649,Shadow Genesect Douse Drive,Bug,Steel,Fury Cutter,X-Scissor
295,0649,Shadow Genesect Douse Drive,Bug,Steel,Fury Cutter,Techno Blast
296,0649,Shadow Genesect Douse Drive,Bug,Steel,Metal Claw,Gunk Shot
297,0649,Shadow Genesect Douse Drive,Bug,Steel,Metal Claw,Magnet Bomb
298,0649,Shadow Genesect Douse Drive,Bug,Steel,Metal Claw,X-Scissor
299,0649,Shadow Genesect Douse Drive,Bug,Steel,Metal Claw,Techno Blast
300,0649,Genesect Shock Drive,Bug,Steel,Fury Cutter,Magnet Bomb
301,0649,Genesect Shock Drive,Bug,Steel,Fury Cutter,X-Scissor
302,0649,Genesect Shock Drive,Bug,Steel,Fury Cutter,Zap Cannon
303,0649,Genesect Shock Drive,Bug,Steel,Fury Cutter,Techno Blast
304,0649,Genesect Shock Drive,Bug,Steel,Metal Claw,Magnet Bomb
305,0649,Genesect Shock Drive,Bug,Steel,Metal Claw,X-Scissor
306,0649,Genesect Shock Drive,Bug,Steel,Metal Claw,Zap Cannon
307,0649,Genesect Shock Drive,Bug,Steel,Metal Claw,Techno Blast
308,0649,Shadow Genesect Shock Drive,Bug,Steel,Fury Cutter,Magnet Bomb
309,0649,Shadow Genesect Shock Drive,Bug,Steel,Fury Cutter,X-Scissor
310,0649,Shadow Genesect Shock Drive,Bug,Steel,Fury Cutter,Zap Cannon
311,0649,Shadow Genesect Shock Drive,Bug,Steel,Fury Cutter,Techno Blast
312,0649,Shadow Genesect Shock Drive,Bug,Steel,Metal Claw,Magnet Bomb
313,0649,Shadow Genesect Shock Drive,Bug,Steel,Metal Claw,X-Scissor
314,0649,Shadow Genesect Shock Drive,Bug,Steel,Metal Claw,Zap Cannon
315,0649,Shadow Genesect Shock Drive,Bug,Steel,Metal Claw,Techno Blast
316,0672,Skiddo,Grass,,Rock Smash,Brick Break
317,0672,Skiddo,Grass,,Rock Smash,Seed Bomb
318,0672,Skiddo,Grass,,Zen Headbutt,Brick Break
319,0672,Skiddo,Grass,,Zen Headbutt,Seed Bomb
320,0672,Shadow Skiddo,Grass,,Rock Smash,Brick Break
321,0672,Shadow Skiddo,Grass,,Rock Smash,Seed Bomb
322,0672,Shadow Skiddo,Grass,,Zen Headbutt,Brick Break
323,0672,Shadow Skiddo,Grass,,Zen Headbutt,Seed Bomb
324,0673,Gogoat,Grass,,Rock Smash,Brick Break
325,0673,Gogoat,Grass,,Rock Smash,Leaf Blade
326,0673,Gogoat,Grass,,Rock Smash,Seed Bomb
327,0673,Gogoat,Grass,,Vine Whip,Brick Break
328,0673,Gogoat,Grass,,Vine Whip,Leaf Blade
329,0673,Gogoat,Grass,,Vine Whip,Seed Bomb
330,0673,Gogoat,Grass,,Zen Headbutt,Brick Break
331,0673,Gogoat,Grass,,Zen Headbutt,Leaf Blade
332,0673,Gogoat,Grass,,Zen Headbutt,Seed Bomb
333,0673,Shadow Gogoat,Grass,,Rock Smash,Brick Break
334,0673,Shadow Gogoat,Grass,,Rock Smash,Leaf Blade
335,0673,Shadow Gogoat,Grass,,Rock Smash,Seed Bomb
336,0673,Shadow Gogoat,Grass,,Vine Whip,Brick Break
337,0673,Shadow Gogoat,Grass,,Vine Whip,Leaf Blade
338,0673,Shadow Gogoat,Grass,,Vine Whip,Seed Bomb
339,0673,Shadow Gogoat,Grass,,Zen Headbutt,Brick Break
340,0673,Shadow Gogoat,Grass,,Zen Headbutt,Leaf Blade
341,0673,Shadow Gogoat,Grass,,Zen Headbutt,Seed Bomb
342,0678,Meowstic Male,Psychic,,Confusion,Energy Ball
343,0678,Meowstic Male,Psychic,,Confusion,Psychic
344,0678,Meowstic Male,Psychic,,Confusion,Thunderbolt
345,0678,Meowstic Male,Psychic,,Sucker Punch,Energy Ball
346,0678,Meowstic Male,Psychic,,Sucker Punch,Psychic
347,0678,Meowstic Male,Psychic,,Sucker Punch,Thunderbolt
348,0678,Shadow Meowstic Male,Psychic,,Confusion,Energy Ball
349,0678,Shadow Meowstic Male,Psychic,,Confusion,Psychic
350,0678,Shadow Meowstic Male,Psychic,,Confusion,Thunderbolt
351,0678,Shadow Meowstic Male,Psychic,,Sucker Punch,Energy Ball
352,0678,Shadow Meowstic Male,Psychic,,Sucker Punch,Psychic
353,0678,Shadow Meowstic Male,Psychic,,Sucker Punch,Thunderbolt
354,0678,Meowstic Female,Psychic,,Charm,Energy Ball
355,0678,Meowstic Female,Psychic,,Charm,Psychic
356,0678,Meowstic Female,Psychic,,Charm,Shadow Ball
357,0678,Meowstic Female,Psychic,,Confusion,Energy Ball
358,0678,Meowstic Female,Psychic,,Confusion,Psychic
359,0678,Meowstic Female,Psychic,,Confusion,Shadow Ball
360,0678,Meowstic Female,Psychic,,Magical Leaf,Energy Ball
361,0678,Meowstic Female,Psychic,,Magical Leaf,Psychic
362,0678,Meowstic Female,Psychic,,Magical Leaf,Shadow Ball
363,0678,Shadow Meowstic Female,Psychic,,Charm,Energy Ball
364,0678,Shadow Meowstic Female,Psychic,,Charm,Psychic
365,0678,Shadow Meowstic Female,Psychic,,Charm,Shadow Ball
366,0678,Shadow Meowstic Female,Psychic,,Confusion,Energy Ball
367,0678,Shadow Meowstic Female,Psychic,,Confusion,Psychic
368,0678,Shadow Meowstic Female,Psychic,,Confusion,Shadow Ball
369,0678,Shadow Meowstic Female,Psychic,,Magical Leaf,Energy Ball
370,0678,Shadow Meowstic Female,Psychic,,Magical Leaf,Psychic
371,0678,Shadow Meowstic Female,Psychic,,Magical Leaf,Shadow Ball
372,0703,Carbink,Rock,Fairy,Rock Throw,Moonblast
373,0703,Carbink,Rock,Fairy,Rock Throw,Power Gem
374,0703,Carbink,Rock,Fairy,Rock Throw,Rock Slide
375,0703,Carbink,Rock,Fairy,Tackle,Moonblast
376,0703,Carbink,Rock,Fairy,Tackle,Power Gem
377,0703,Carbink,Rock,Fairy,Tackle,Rock Slide
378,0703,Shadow Carbink,Rock,Fairy,Rock Throw,Moonblast
379,0703,Shadow Carbink,Rock,Fairy,Rock Throw,Power Gem
380,0703,Shadow Carbink,Rock,Fairy,Rock Throw,Rock Slide
381,0703,Shadow Carbink,Rock,Fairy,Tackle,Moonblast
382,0703,Shadow Carbink,Rock,Fairy,Tackle,Power Gem
383,0703,Shadow Carbink,Rock,Fairy,Tackle,Rock Slide
384,0710,Pumpkaboo Average Size,Ghost,Grass,Astonish,Foul Play
385,0710,Pumpkaboo Average Size,Ghost,Grass,Astonish,Grass Knot
386,0710,Pumpkaboo Average Size,Ghost,Grass,Astonish,Shadow Sneak
387,0710,Pumpkaboo Average Size,Ghost,Grass,Razor Leaf,Foul Play
388,0710,Pumpkaboo Average Size,Ghost,Grass,Razor Leaf,Grass Knot
389,0710,Pumpkaboo Average Size,Ghost,Grass,Razor Leaf,Shadow Sneak
390,0710,Shadow Pumpkaboo Average Size,Ghost,Grass,Astonish,Foul Play
391,0710,Shadow Pumpkaboo Average Size,Ghost,Grass,Astonish,Grass Knot
392,0710,Shadow Pumpkaboo Average Size,Ghost,Grass,Astonish,Shadow Sneak
393,0710,Shadow Pumpkaboo Average Size,Ghost,Grass,Razor Leaf,Foul Play
394,0710,Shadow Pumpkaboo Average Size,Ghost,Grass,Razor Leaf,Grass Knot
395,0710,Shadow Pumpkaboo Average Size,Ghost,Grass,Razor Leaf,Shadow Sneak
396,0710,Pumpkaboo Small Size,Ghost,Grass,Astonish,Foul Play
397,0710,Pumpkaboo Small Size,Ghost,Grass,Astonish,Grass Knot
398,0710,Pumpkaboo Small Size,Ghost,Grass,Astonish,Shadow Sneak
399,0710,Pumpkaboo Small Size,Ghost,Grass,Razor Leaf,Foul Play
400,0710,Pumpkaboo Small Size,Ghost,Grass,Razor Leaf,Grass Knot
401,0710,Pumpkaboo Small Size,Ghost,Grass,Razor Leaf,Shadow Sneak
402,0710,Shadow Pumpkaboo Small Size,Ghost,Grass,Astonish,Foul Play
403,0710,Shadow Pumpkaboo Small Size,Ghost,Grass,Astonish,Grass Knot
404,0710,Shadow Pumpkaboo Small Size,Ghost,Grass,Astonish,Shadow Sneak
405,0710,Shadow Pumpkaboo Small Size,Ghost,Grass,Razor Leaf,Foul Play
406,0710,Shadow Pumpkaboo Small Size,Ghost,Grass,Razor Leaf,Grass Knot
407,0710,Shadow Pumpkaboo Small Size,Ghost,Grass,Razor Leaf,Shadow Sneak
408,0710,Pumpkaboo Large Size,Ghost,Grass,Astonish,Foul Play
409,0710,Pumpkaboo Large Size,Ghost,Grass,Astonish,Grass Knot
410,0710,Pumpkaboo Large Size,Ghost,Grass,Astonish,Shadow Sneak
411,0710,Pumpkaboo Large Size,Ghost,Grass,Razor Leaf,Foul Play
412,0710,Pumpkaboo Large Size,Ghost,Grass,Razor Leaf,Grass Knot
413,0710,Pumpkaboo Large Size,Ghost,Grass,Razor Leaf,Shadow Sneak
414,0710,Shadow Pumpkaboo Large Size,Ghost,Grass,Astonish,Foul Play
415,0710,Shadow Pumpkaboo Large Size,Ghost,Grass,Astonish,Grass Knot
416,0710,Shadow Pumpkaboo Large Size,Ghost,Grass,Astonish,Shadow Sneak
417,0710,Shadow Pumpkaboo Large Size,Ghost,Grass,Razor Leaf,Foul Play
418,0710,Shadow Pumpkaboo Large Size,Ghost,Grass,Razor Leaf,Grass Knot
419,0710,Shadow Pumpkaboo Large Size,Ghost,Grass,Razor Leaf,Shadow Sneak
420,0710,Pumpkaboo Super Size,Ghost,Grass,Astonish,Foul Play
421,0710,Pumpkaboo Super Size,Ghost,Grass,Astonish,Grass Knot
422,0710,Pumpkaboo Super Size,Ghost,Grass,Astonish,Shadow Sneak
423,0710,Pumpkaboo Super Size,Ghost,Grass,Razor Leaf,Foul Play
424,0710,Pumpkaboo Super Size,Ghost,Grass,Razor Leaf,Grass Knot
425,0710,Pumpkaboo Super Size,Ghost,Grass,Razor Leaf,Shadow Sneak
426,0710,Shadow Pumpkaboo Super Size,Ghost,Grass,Astonish,Foul Play
427,0710,Shadow Pumpkaboo Super Size,Ghost,Grass,Astonish,Grass Knot
428,0710,Shadow Pumpkaboo Super Size,Ghost,Grass,Astonish,Shadow Sneak
429,0710,Shadow Pumpkaboo Super Size,Ghost,Grass,Razor Leaf,Foul Play
430,0710,Shadow Pumpkaboo Super Size,Ghost,Grass,Razor Leaf,Grass Knot
431,0710,Shadow Pumpkaboo Super Size,Ghost,Grass,Razor Leaf,Shadow Sneak
432,0711,Gourgeist Average Size,Ghost,Grass,Hex,Fire Blast
433,0711,Gourgeist Average Size,Ghost,Grass,Hex,Foul Play
434,0711,Gourgeist Average Size,Ghost,Grass,Hex,Poltergeist
435,0711,Gourgeist Average Size,Ghost,Grass,Hex,Seed Bomb
436,0711,Gourgeist Average Size,Ghost,Grass,Hex,Shadow Ball
437,0711,Gourgeist Average Size,Ghost,Grass,Razor Leaf,Fire Blast
438,0711,Gourgeist Average Size,Ghost,Grass,Razor Leaf,Foul Play
439,0711,Gourgeist Average Size,Ghost,Grass,Razor Leaf,Poltergeist
440,0711,Gourgeist Average Size,Ghost,Grass,Razor Leaf,Seed Bomb
441,0711,Gourgeist Average Size,Ghost,Grass,Razor Leaf,Shadow Ball
442,0711,Shadow Gourgeist Average Size,Ghost,Grass,Hex,Fire Blast
443,0711,Shadow Gourgeist Average Size,Ghost,Grass,Hex,Foul Play
444,0711,Shadow Gourgeist Average Size,Ghost,Grass,Hex,Poltergeist
445,0711,Shadow Gourgeist Average Size,Ghost,Grass,Hex,Seed Bomb
446,0711,Shadow Gourgeist Average Size,Ghost,Grass,Hex,Shadow Ball
447,0711,Shadow Gourgeist Average Size,Ghost,Grass,Razor Leaf,Fire Blast
448,0711,Shadow Gourgeist Average Size,Ghost,Grass,Razor Leaf,Foul Play
449,0711,Shadow Gourgeist Average Size,Ghost,Grass,Razor Leaf,Poltergeist
450,0711,Shadow Gourgeist Average Size,Ghost,Grass,Razor Leaf,Seed Bomb
451,0711,Shadow Gourgeist Average Size,Ghost,Grass,Razor Leaf,Shadow Ball
452,0711,Gourgeist Small Size,Ghost,Grass,Hex,Fire Blast
453,0711,Gourgeist Small Size,Ghost,Grass,Hex,Foul Play
454,0711,Gourgeist Small Size,Ghost,Grass,Hex,Poltergeist
455,0711,Gourgeist Small Size,Ghost,Grass,Hex,Seed Bomb
456,0711,Gourgeist Small Size,Ghost,Grass,Hex,Shadow Ball
457,0711,Gourgeist Small Size,Ghost,Grass,Razor Leaf,Fire Blast
458,0711,Gourgeist Small Size,Ghost,Grass,Razor Leaf,Foul Play
459,0711,Gourgeist Small Size,Ghost,Grass,Razor Leaf,Poltergeist
460,0711,Gourgeist Small Size,Ghost,Grass,Razor Leaf,Seed Bomb
461,0711,Gourgeist Small Size,Ghost,Grass,Razor Leaf,Shadow Ball
462,0711,Shadow Gourgeist Small Size,Ghost,Grass,Hex,Fire Blast
463,0711,Shadow Gourgeist Small Size,Ghost,Grass,Hex,Foul Play
464,0711,Shadow Gourgeist Small Size,Ghost,Grass,Hex,Poltergeist
465,0711,Shadow Gourgeist Small Size,Ghost,Grass,Hex,Seed Bomb
466,0711,Shadow Gourgeist Small Size,Ghost,Grass,Hex,Shadow Ball
467,0711,Shadow Gourgeist Small Size,Ghost,Grass,Razor Leaf,Fire Blast
468,0711,Shadow Gourgeist Small Size,Ghost,Grass,Razor Leaf,Foul Play
469,0711,Shadow Gourgeist Small Size,Ghost,Grass,Razor Leaf,Poltergeist
470,0711,Shadow Gourgeist Small Size,Ghost,Grass,Razor Leaf,Seed Bomb
471,0711,Shadow Gourgeist Small Size,Ghost,Grass,Razor Leaf,Shadow Ball
472,0711,Gourgeist Large Size,Ghost,Grass,Hex,Fire Blast
473,0711,Gourgeist Large Size,Ghost,Grass,Hex,Foul Play
474,0711,Gourgeist Large Size,Ghost,Grass,Hex,Poltergeist
475,0711,Gourgeist Large Size,Ghost,Grass,Hex,Seed Bomb
476,0711,Gourgeist Large Size,Ghost,Grass,Hex,Shadow Ball
477,0711,Gourgeist Large Size,Ghost,Grass,Razor Leaf,Fire Blast
478,0711,Gourgeist Large Size,Ghost,Grass,Razor Leaf,Foul Play
479,0711,Gourgeist Large Size,Ghost,Grass,Razor Leaf,Poltergeist
480,0711,Gourgeist Large Size,Ghost,Grass,Razor Leaf,Seed Bomb
481,0711,Gourgeist Large Size,Ghost,Grass,Razor Leaf,Shadow Ball
482,0711,Shadow Gourgeist Large Size,Ghost,Grass,Hex,Fire Blast
483,0711,Shadow Gourgeist Large Size,Ghost,Grass,Hex,Foul Play
484,0711,Shadow Gourgeist Large Size,Ghost,Grass,Hex,Poltergeist
485,0711,Shadow Gourgeist Large Size,Ghost,Grass,Hex,Seed Bomb
486,0711,Shadow Gourgeist Large Size,Ghost,Grass,Hex,Shadow Ball
487,0711,Shadow Gourgeist Large Size,Ghost,Grass,Razor Leaf,Fire Blast
488,0711,Shadow Gourgeist Large Size,Ghost,Grass,Razor Leaf,Foul Play
489,0711,Shadow Gourgeist Large Size,Ghost,Grass,Razor Leaf,Poltergeist
490,0711,Shadow Gourgeist Large Size,Ghost,Grass,Razor Leaf,Seed Bomb
491,0711,Shadow Gourgeist Large Size,Ghost,Grass,Razor Leaf,Shadow Ball
492,0711,Gourgeist Super Size,Ghost,Grass,Hex,Fire Blast
493,0711,Gourgeist Super Size,Ghost,Grass,Hex,Foul Play
494,0711,Gourgeist Super Size,Ghost,Grass,Hex,Poltergeist
495,0711,Gourgeist Super Size,Ghost,Grass,Hex,Seed Bomb
496,0711,Gourgeist Super Size,Ghost,Grass,Hex,Shadow Ball
497,0711,Gourgeist Super Size,Ghost,Grass,Razor Leaf,Fire Blast
498,0711,Gourgeist Super Size,Ghost,Grass,Razor Leaf,Foul Play
499,0711,Gourgeist Super Size,Ghost,Grass,Razor Leaf,Poltergeist
500,0711,Gourgeist Super Size,Ghost,Grass,Razor Leaf,Seed Bomb
501,0711,Gourgeist Super Size,Ghost,Grass,Razor Leaf,Shadow Ball
502,0711,Shadow Gourgeist Super Size,Ghost,Grass,Hex,Fire Blast
503,0711,Shadow Gourgeist Super Size,Ghost,Grass,Hex,Foul Play
504,0711,Shadow Gourgeist Super Size,Ghost,Grass,Hex,Poltergeist
505,0711,Shadow Gourgeist Super Size,Ghost,Grass,Hex,Seed Bomb
506,0711,Shadow Gourgeist Super Size,Ghost,Grass,Hex,Shadow Ball
507,0711,Shadow Gourgeist Super Size,Ghost,Grass,Razor Leaf,Fire Blast
508,0711,Shadow Gourgeist Super Size,Ghost,Grass,Razor Leaf,Foul Play
509,0711,Shadow Gourgeist Super Size,Ghost,Grass,Razor Leaf,Poltergeist
510,0711,Shadow Gourgeist Super Size,Ghost,Grass,Razor Leaf,Seed Bomb
511,0711,Shadow Gourgeist Super Size,Ghost,Grass,Razor Leaf,Shadow Ball
512,0718,Zygarde 10% Forme,Dragon,Ground,Bite,Bulldoze
513,0718,Zygarde 10% Forme,Dragon,Ground,Bite,Crunch
514,0718,Zygarde 10% Forme,Dragon,Ground,Bite,Earthquake
515,0718,Zygarde 10% Forme,Dragon,Ground,Bite,Hyper Beam
516,0718,Zygarde 10% Forme,Dragon,Ground,Bite,Outrage
517,0718,Zygarde 10% Forme,Dragon,Ground,Bite,Return
518,0718,Zygarde 10% Forme,Dragon,Ground,Dragon Tail,Bulldoze
519,0718,Zygarde 10% Forme,Dragon,Ground,Dragon Tail,Crunch
520,0718,Zygarde 10% Forme,Dragon,Ground,Dragon Tail,Earthquake
521,0718,Zygarde 10% Forme,Dragon,Ground,Dragon Tail,Hyper Beam
522,0718,Zygarde 10% Forme,Dragon,Ground,Dragon Tail,Outrage
523,0718,Zygarde 10% Forme,Dragon,Ground,Dragon Tail,Return
524,0718,Zygarde 10% Forme,Dragon,Ground,Zen Headbutt,Bulldoze
525,0718,Zygarde 10% Forme,Dragon,Ground,Zen Headbutt,Crunch
526,0718,Zygarde 10% Forme,Dragon,Ground,Zen Headbutt,Earthquake
527,0718,Zygarde 10% Forme,Dragon,Ground,Zen Headbutt,Hyper Beam
528,0718,Zygarde 10% Forme,Dragon,Ground,Zen Headbutt,Outrage
529,0718,Zygarde 10% Forme,Dragon,Ground,Zen Headbutt,Return
530,0718,Shadow Zygarde 10% Forme,Dragon,Ground,Bite,Bulldoze
531,0718,Shadow Zygarde 10% Forme,Dragon,Ground,Bite,Crunch
532,0718,Shadow Zygarde 10% Forme,Dragon,Ground,Bite,Earthquake
533,0718,Shadow Zygarde 10% Forme,Dragon,Ground,Bite,Hyper Beam
534,0718,Shadow Zygarde 10% Forme,Dragon,Ground,Bite,Outrage
535,0718,Shadow Zygarde 10% Forme,Dragon,Ground,Bite,Frustration
536,0718,Shadow Zygarde 10% Forme,Dragon,Ground,Dragon Tail,Bulldoze
537,0718,Shadow Zygarde 10% Forme,Dragon,Ground,Dragon Tail,Crunch
538,0718,Shadow Zygarde 10% Forme,Dragon,Ground,Dragon Tail,Earthquake
539,0718,Shadow Zygarde 10% Forme,Dragon,Ground,Dragon Tail,Hyper Beam
540,0718,Shadow Zygarde 10% Forme,Dragon,Ground,Dragon Tail,Outrage
541,0718,Shadow Zygarde 10% Forme,Dragon,Ground,Dragon Tail,Frustration
542,0718,Shadow Zygarde 10% Forme,Dragon,Ground,Zen Headbutt,Bulldoze
543,0718,Shadow Zygarde 10% Forme,Dragon,Ground,Zen Headbutt,Crunch
544,0718,Shadow Zygarde 10% Forme,Dragon,Ground,Zen Headbutt,Earthquake
545,0718,Shadow Zygarde 10% Forme,Dragon,Ground,Zen Headbutt,Hyper Beam
546,0718,Shadow Zygarde 10% Forme,Dragon,Ground,Zen Headbutt,Outrage
547,0718,Shadow Zygarde 10% Forme,Dragon,Ground,Zen Headbutt,Frustration
548,0719,Diancie,Rock,Fairy,Rock Throw,Moonblast
549,0719,Diancie,Rock,Fairy,Rock Throw,Power Gem
550,0719,Diancie,Rock,Fairy,Rock Throw,Rock Slide
551,0719,Diancie,Rock,Fairy,Tackle,Moonblast
552,0719,Diancie,Rock,Fairy,Tackle,Power Gem
553,0719,Diancie,Rock,Fairy,Tackle,Rock Slide
554,0719,Shadow Diancie,Rock,Fairy,Rock Throw,Moonblast
555,0719,Shadow Diancie,Rock,Fairy,Rock Throw,Power Gem
556,0719,Shadow Diancie,Rock,Fairy,Rock Throw,Rock Slide
557,0719,Shadow Diancie,Rock,Fairy,Tackle,Moonblast
558,0719,Shadow Diancie,Rock,Fairy,Tackle,Power Gem
559,0719,Shadow Diancie,Rock,Fairy,Tackle,Rock Slide
560,0743,Ribombee,Bug,Fairy,Fairy Wind,Bug Buzz
561,0743,Ribombee,Bug,Fairy,Fairy Wind,Dazzling Gleam
562,0743,Ribombee,Bug,Fairy,Struggle Bug,Bug Buzz
563,0743,Ribombee,Bug,Fairy,Struggle Bug,Dazzling Gleam
564,0743,Shadow Ribombee,Bug,Fairy,Fairy Wind,Bug Buzz
565,0743,Shadow Ribombee,Bug,Fairy,Fairy Wind,Dazzling Gleam
566,0743,Shadow Ribombee,Bug,Fairy,Struggle Bug,Bug Buzz
567,0743,Shadow Ribombee,Bug,Fairy,Struggle Bug,Dazzling Gleam
568,0744,Rockruff Dusk Form,Rock,,Rock Throw,Crunch
569,0744,Rockruff Dusk Form,Rock,,Rock Throw,Rock Tomb
570,0744,Rockruff Dusk Form,Rock,,Rock Throw,Stone Edge
571,0744,Rockruff Dusk Form,Rock,,Rock Throw,Trailblaze
572,0744,Rockruff Dusk Form,Rock,,Tackle,Crunch
573,0744,Rockruff Dusk Form,Rock,,Tackle,Rock Tomb
574,0744,Rockruff Dusk Form,Rock,,Tackle,Stone Edge
575,0744,Rockruff Dusk Form,Rock,,Tackle,Trailblaze
576,0744,Shadow Rockruff Dusk Form,Rock,,Rock Throw,Crunch
577,0744,Shadow Rockruff Dusk Form,Rock,,Rock Throw,Rock Tomb
578,0744,Shadow Rockruff Dusk Form,Rock,,Rock Throw,Stone Edge
579,0744,Shadow Rockruff Dusk Form,Rock,,Rock Throw,Trailblaze
580,0744,Shadow Rockruff Dusk Form,Rock,,Tackle,Crunch
581,0744,Shadow Rockruff Dusk Form,Rock,,Tackle,Rock Tomb
582,0744,Shadow Rockruff Dusk Form,Rock,,Tackle,Stone Edge
583,0744,Shadow Rockruff Dusk Form,Rock,,Tackle,Trailblaze
584,0745,Lycanroc Midday Form,Rock,,Rock Throw,Crunch
585,0745,Lycanroc Midday Form,Rock,,Rock Throw,Drill Run
586,0745,Lycanroc Midday Form,Rock,,Rock Throw,Stone Edge
587,0745,Lycanroc Midday Form,Rock,,Rock Throw,Trailblaze
588,0745,Lycanroc Midday Form,Rock,,Sucker Punch,Crunch
589,0745,Lycanroc Midday Form,Rock,,Sucker Punch,Drill Run
590,0745,Lycanroc Midday Form,Rock,,Sucker Punch,Stone Edge
591,0745,Lycanroc Midday Form,Rock,,Sucker Punch,Trailblaze
592,0745,Shadow Lycanroc Midday Form,Rock,,Rock Throw,Crunch
593,0745,Shadow Lycanroc Midday Form,Rock,,Rock Throw,Drill Run
594,0745,Shadow Lycanroc Midday Form,Rock,,Rock Throw,Stone Edge
595,0745,Shadow Lycanroc Midday Form,Rock,,Rock Throw,Trailblaze
596,0745,Shadow Lycanroc Midday Form,Rock,,Sucker Punch,Crunch
597,0745,Shadow Lycanroc Midday Form,Rock,,Sucker Punch,Drill Run
598,0745,Shadow Lycanroc Midday Form,Rock,,Sucker Punch,Stone Edge
599,0745,Shadow Lycanroc Midday Form,Rock,,Sucker Punch,Trailblaze
600,0745,Lycanroc Dusk Form,Rock,,Counter,Crunch
601,0745,Lycanroc Dusk Form,Rock,,Counter,Iron Head
602,0745,Lycanroc Dusk Form,Rock,,Counter,Stone Edge
603,0745,Lycanroc Dusk Form,Rock,,Counter,Trailblaze
604,0745,Lycanroc Dusk Form,Rock,,Rock Throw,Crunch
605,0745,Lycanroc Dusk Form,Rock,,Rock Throw,Iron Head
606,0745,Lycanroc Dusk Form,Rock,,Rock Throw,Stone Edge
607,0745,Lycanroc Dusk Form,Rock,,Rock Throw,Trailblaze
608,0745,Lycanroc Dusk Form,Rock,,Sucker Punch,Crunch
609,0745,Lycanroc Dusk Form,Rock,,Sucker Punch,Iron Head
610,0745,Lycanroc Dusk Form,Rock,,Sucker Punch,Stone Edge
611,0745,Lycanroc Dusk Form,Rock,,Sucker Punch,Trailblaze
612,0745,Shadow Lycanroc Dusk Form,Rock,,Counter,Crunch
613,0745,Shadow Lycanroc Dusk Form,Rock,,Counter,Iron Head
614,0745,Shadow Lycanroc Dusk Form,Rock,,Counter,Stone Edge
615,0745,Shadow Lycanroc Dusk Form,Rock,,Counter,Trailblaze
616,0745,Shadow Lycanroc Dusk Form,Rock,,Rock Throw,Crunch
617,0745,Shadow Lycanroc Dusk Form,Rock,,Rock Throw,Iron Head
618,0745,Shadow Lycanroc Dusk Form,Rock,,Rock Throw,Stone Edge
619,0745,Shadow Lycanroc Dusk Form,Rock,,Rock Throw,Trailblaze
620,0745,Shadow Lycanroc Dusk Form,Rock,,Sucker Punch,Crunch
621,0745,Shadow Lycanroc Dusk Form,Rock,,Sucker Punch,Iron Head
622,0745,Shadow Lycanroc Dusk Form,Rock,,Sucker Punch,Stone Edge
623,0745,Shadow Lycanroc Dusk Form,Rock,,Sucker Punch,Trailblaze
624,0761,Bounsweet,Grass,,Charm,Draining Kiss
625,0761,Bounsweet,Grass,,Charm,Energy Ball
626,0761,Bounsweet,Grass,,Razor Leaf,Draining Kiss
627,0761,Bounsweet,Grass,,Razor Leaf,Energy Ball
628,0761,Shadow Bounsweet,Grass,,Charm,Draining Kiss
629,0761,Shadow Bounsweet,Grass,,Charm,Energy Ball
630,0761,Shadow Bounsweet,Grass,,Razor Leaf,Draining Kiss
631,0761,Shadow Bounsweet,Grass,,Razor Leaf,Energy Ball
632,0762,Steenee,Grass,,Charm,Draining Kiss
633,0762,Steenee,Grass,,Charm,Energy Ball
634,0762,Steenee,Grass,,Charm,Grass Knot
635,0762,Steenee,Grass,,Charm,Triple Axel
636,0762,Steenee,Grass,,Razor Leaf,Draining Kiss
637,0762,Steenee,Grass,,Razor Leaf,Energy Ball
638,0762,Steenee,Grass,,Razor Leaf,Grass Knot
639,0762,Steenee,Grass,,Razor Leaf,Triple Axel
640,0762,Shadow Steenee,Grass,,Charm,Draining Kiss
641,0762,Shadow Steenee,Grass,,Charm,Energy Ball
642,0762,Shadow Steenee,Grass,,Charm,Grass Knot
643,0762,Shadow Steenee,Grass,,Charm,Triple Axel
644,0762,Shadow Steenee,Grass,,Razor Leaf,Draining Kiss
645,0762,Shadow Steenee,Grass,,Razor Leaf,Energy Ball
646,0762,Shadow Steenee,Grass,,Razor Leaf,Grass Knot
647,0762,Shadow Steenee,Grass,,Razor Leaf,Triple Axel
648,0763,Tsareena,Grass,,Charm,Draining Kiss
649,0763,Tsareena,Grass,,Charm,Energy Ball
650,0763,Tsareena,Grass,,Charm,Grass Knot
651,0763,Tsareena,Grass,,Charm,Stomp
652,0763,Tsareena,Grass,,Charm,Triple Axel
653,0763,Tsareena,Grass,,Magical Leaf,Draining Kiss
654,0763,Tsareena,Grass,,Magical Leaf,Energy Ball
655,0763,Tsareena,Grass,,Magical Leaf,Grass Knot
656,0763,Tsareena,Grass,,Magical Leaf,Stomp
657,0763,Tsareena,Grass,,Magical Leaf,Triple Axel
658,0763,Tsareena,Grass,,Razor Leaf,Draining Kiss
659,0763,Tsareena,Grass,,Razor Leaf,Energy Ball
660,0763,Tsareena,Grass,,Razor Leaf,Grass Knot
661,0763,Tsareena,Grass,,Razor Leaf,Stomp
662,0763,Tsareena,Grass,,Razor Leaf,Triple Axel
663,0763,Shadow Tsareena,Grass,,Charm,Draining Kiss
664,0763,Shadow Tsareena,Grass,,Charm,Energy Ball
665,0763,Shadow Tsareena,Grass,,Charm,Grass Knot
666,0763,Shadow Tsareena,Grass,,Charm,Stomp
667,0763,Shadow Tsareena,Grass,,Charm,Triple Axel
668,0763,Shadow Tsareena,Grass,,Magical Leaf,Draining Kiss
669,0763,Shadow Tsareena,Grass,,Magical Leaf,Energy Ball
670,0763,Shadow Tsareena,Grass,,Magical Leaf,Grass Knot
671,0763,Shadow Tsareena,Grass,,Magical Leaf,Stomp
672,0763,Shadow Tsareena,Grass,,Magical Leaf,Triple Axel
673,0763,Shadow Tsareena,Grass,,Razor Leaf,Draining Kiss
674,0763,Shadow Tsareena,Grass,,Razor Leaf,Energy Ball
675,0763,Shadow Tsareena,Grass,,Razor Leaf,Grass Knot
676,0763,Shadow Tsareena,Grass,,Razor Leaf,Stomp
677,0763,Shadow Tsareena,Grass,,Razor Leaf,Triple Axel
678,0766,Passimian,Fighting,,Counter,Brick Break
679,0766,Passimian,Fighting,,Counter,Close Combat
680,0766,Passimian,Fighting,,Counter,Superpower
681,0766,Passimian,Fighting,,Rock Smash,Brick Break
682,0766,Passimian,Fighting,,Rock Smash,Close Combat
683,0766,Passimian,Fighting,,Rock Smash,Superpower
684,0766,Passimian,Fighting,,Take Down,Brick Break
685,0766,Passimian,Fighting,,Take Down,Close Combat
686,0766,Passimian,Fighting,,Take Down,Superpower
687,0766,Shadow Passimian,Fighting,,Counter,Brick Break
688,0766,Shadow Passimian,Fighting,,Counter,Close Combat
689,0766,Shadow Passimian,Fighting,,Counter,Superpower
690,0766,Shadow Passimian,Fighting,,Rock Smash,Brick Break
691,0766,Shadow Passimian,Fighting,,Rock Smash,Close Combat
692,0766,Shadow Passimian,Fighting,,Rock Smash,Superpower
693,0766,Shadow Passimian,Fighting,,Take Down,Brick Break
694,0766,Shadow Passimian,Fighting,,Take Down,Close Combat
695,0766,Shadow Passimian,Fighting,,Take Down,Superpower
696,0769,Sandygast,Ghost,Ground,Astonish,Earth Power
697,0769,Sandygast,Ghost,Ground,Astonish,Sand Tomb
698,0769,Sandygast,Ghost,Ground,Astonish,Scorching Sands
699,0769,Sandygast,Ghost,Ground,Astonish,Shadow Ball
700,0769,Sandygast,Ghost,Ground,Mud Shot,Earth Power
701,0769,Sandygast,Ghost,Ground,Mud Shot,Sand Tomb
702,0769,Sandygast,Ghost,Ground,Mud Shot,Scorching Sands
703,0769,Sandygast,Ghost,Ground,Mud Shot,Shadow Ball
704,0769,Shadow Sandygast,Ghost,Ground,Astonish,Earth Power
705,0769,Shadow Sandygast,Ghost,Ground,Astonish,Sand Tomb
706,0769,Shadow Sandygast,Ghost,Ground,Astonish,Scorching Sands
707,0769,Shadow Sandygast,Ghost,Ground,Astonish,Shadow Ball
708,0769,Shadow Sandygast,Ghost,Ground,Mud Shot,Earth Power
709,0769,Shadow Sandygast,Ghost,Ground,Mud Shot,Sand Tomb
710,0769,Shadow Sandygast,Ghost,Ground,Mud Shot,Scorching Sands
711,0769,Shadow Sandygast,Ghost,Ground,Mud Shot,Shadow Ball
712,0770,Palossand,Ghost,Ground,Astonish,Earth Power
713,0770,Palossand,Ghost,Ground,Astonish,Sand Tomb
714,0770,Palossand,Ghost,Ground,Astonish,Scorching Sands
715,0770,Palossand,Ghost,Ground,Astonish,Shadow Ball
716,0770,Palossand,Ghost,Ground,Mud Shot,Earth Power
717,0770,Palossand,Ghost,Ground,Mud Shot,Sand Tomb
718,0770,Palossand,Ghost,Ground,Mud Shot,Scorching Sands
719,0770,Palossand,Ghost,Ground,Mud Shot,Shadow Ball
720,0770,Shadow Palossand,Ghost,Ground,Astonish,Earth Power
721,0770,Shadow Palossand,Ghost,Ground,Astonish,Sand Tomb
722,0770,Shadow Palossand,Ghost,Ground,Astonish,Scorching Sands
723,0770,Shadow Palossand,Ghost,Ground,Astonish,Shadow Ball
724,0770,Shadow Palossand,Ghost,Ground,Mud Shot,Earth Power
725,0770,Shadow Palossand,Ghost,Ground,Mud Shot,Sand Tomb
726,0770,Shadow Palossand,Ghost,Ground,Mud Shot,Scorching Sands
727,0770,Shadow Palossand,Ghost,Ground,Mud Shot,Shadow Ball
728,0775,Komala,Normal,,Rollout,Bulldoze
729,0775,Komala,Normal,,Rollout,Payback
730,0775,Komala,Normal,,Rollout,Play Rough
731,0775,Komala,Normal,,Yawn,Bulldoze
732,0775,Komala,Normal,,Yawn,Payback
733,0775,Komala,Normal,,Yawn,Play Rough
734,0775,Shadow Komala,Normal,,Rollout,Bulldoze
735,0775,Shadow Komala,Normal,,Rollout,Payback
736,0775,Shadow Komala,Normal,,Rollout,Play Rough
737,0775,Shadow Komala,Normal,,Yawn,Bulldoze
738,0775,Shadow Komala,Normal,,Yawn,Payback
739,0775,Shadow Komala,Normal,,Yawn,Play Rough
740,0776,Turtonator,Fire,Dragon,Ember,Dragon Pulse
741,0776,Turtonator,Fire,Dragon,Ember,Flamethrower
742,0776,Turtonator,Fire,Dragon,Ember,Flash Cannon
743,0776,Turtonator,Fire,Dragon,Ember,Overheat
744,0776,Turtonator,Fire,Dragon,Fire Spin,Dragon Pulse
745,0776,Turtonator,Fire,Dragon,Fire Spin,Flamethrower
746,0776,Turtonator,Fire,Dragon,Fire Spin,Flash Cannon
747,0776,Turtonator,Fire,Dragon,Fire Spin,Overheat
748,0776,Turtonator,Fire,Dragon,Incinerate,Dragon Pulse
749,0776,Turtonator,Fire,Dragon,Incinerate,Flamethrower
750,0776,Turtonator,Fire,Dragon,Incinerate,Flash Cannon
751,0776,Turtonator,Fire,Dragon,Incinerate,Overheat
752,0776,Shadow Turtonator,Fire,Dragon,Ember,Dragon Pulse
753,0776,Shadow Turtonator,Fire,Dragon,Ember,Flamethrower
754,0776,Shadow Turtonator,Fire,Dragon,Ember,Flash Cannon
755,0776,Shadow Turtonator,Fire,Dragon,Ember,Overheat
756,0776,Shadow Turtonator,Fire,Dragon,Fire Spin,Dragon Pulse
757,0776,Shadow Turtonator,Fire,Dragon,Fire Spin,Flamethrower
758,0776,Shadow Turtonator,Fire,Dragon,Fire Spin,Flash Cannon
759,0776,Shadow Turtonator,Fire,Dragon,Fire Spin,Overheat
760,0776,Shadow Turtonator,Fire,Dragon,Incinerate,Dragon Pulse
761,0776,Shadow Turtonator,Fire,Dragon,Incinerate,Flamethrower
762,0776,Shadow Turtonator,Fire,Dragon,Incinerate,Flash Cannon
763,0776,Shadow Turtonator,Fire,Dragon,Incinerate,Overheat
764,0780,Drampa,Normal,Dragon,Dragon Breath,Dragon Pulse
765,0780,Drampa,Normal,Dragon,Dragon Breath,Fly
766,0780,Drampa,Normal,Dragon,Dragon Breath,Outrage
767,0780,Drampa,Normal,Dragon,Extrasensory,Dragon Pulse
768,0780,Drampa,Normal,Dragon,Extrasensory,Fly
769,0780,Drampa,Normal,Dragon,Extrasensory,Outrage
770,0780,Shadow Drampa,Normal,Dragon,Dragon Breath,Dragon Pulse
771,0780,Shadow Drampa,Normal,Dragon,Dragon Breath,Fly
772,0780,Shadow Drampa,Normal,Dragon,Dragon Breath,Outrage
773,0780,Shadow Drampa,Normal,Dragon,Extrasensory,Dragon Pulse
774,0780,Shadow Drampa,Normal,Dragon,Extrasensory,Fly
775,0780,Shadow Drampa,Normal,Dragon,Extrasensory,Outrage
776,0791,Solgaleo,Psychic,Steel,Fire Spin,Flamethrower
777,0791,Solgaleo,Psychic,Steel,Fire Spin,Iron Head
778,0791,Solgaleo,Psychic,Steel,Fire Spin,Psychic Fangs
779,0791,Solgaleo,Psychic,Steel,Fire Spin,Solar Beam
780,0791,Solgaleo,Psychic,Steel,Zen Headbutt,Flamethrower
781,0791,Solgaleo,Psychic,Steel,Zen Headbutt,Iron Head
782,0791,Solgaleo,Psychic,Steel,Zen Headbutt,Psychic Fangs
783,0791,Solgaleo,Psychic,Steel,Zen Headbutt,Solar Beam
784,0791,Shadow Solgaleo,Psychic,Steel,Fire Spin,Flamethrower
785,0791,Shadow Solgaleo,Psychic,Steel,Fire Spin,Iron Head
786,0791,Shadow Solgaleo,Psychic,Steel,Fire Spin,Psychic Fangs
787,0791,Shadow Solgaleo,Psychic,Steel,Fire Spin,Solar Beam
788,0791,Shadow Solgaleo,Psychic,Steel,Zen Headbutt,Flamethrower
789,0791,Shadow Solgaleo,Psychic,Steel,Zen Headbutt,Iron Head
790,0791,Shadow Solgaleo,Psychic,Steel,Zen Headbutt,Psychic Fangs
791,0791,Shadow Solgaleo,Psychic,Steel,Zen Headbutt,Solar Beam
792,0888,Zacian Hero Of Many Battles,Fairy,,Fire Fang,Close Combat
793,0888,Zacian Hero Of Many Battles,Fairy,,Fire Fang,Iron Head
794,0888,Zacian Hero Of Many Battles,Fairy,,Fire Fang,Play Rough
795,0888,Zacian Hero Of Many Battles,Fairy,,Fire Fang,Wild Charge
796,0888,Zacian Hero Of Many Battles,Fairy,,Metal Claw,Close Combat
797,0888,Zacian Hero Of Many Battles,Fairy,,Metal Claw,Iron Head
798,0888,Zacian Hero Of Many Battles,Fairy,,Metal Claw,Play Rough
799,0888,Zacian Hero Of Many Battles,Fairy,,Metal Claw,Wild Charge
800,0888,Zacian Hero Of Many Battles,Fairy,,Quick Attack,Close Combat
801,0888,Zacian Hero Of Many Battles,Fairy,,Quick Attack,Iron Head
802,0888,Zacian Hero Of Many Battles,Fairy,,Quick Attack,Play Rough
803,0888,Zacian Hero Of Many Battles,Fairy,,Quick Attack,Wild Charge
804,0888,Zacian Hero Of Many Battles,Fairy,,Snarl,Close Combat
805,0888,Zacian Hero Of Many Battles,Fairy,,Snarl,Iron Head
806,0888,Zacian Hero Of Many Battles,Fairy,,Snarl,Play Rough
807,0888,Zacian Hero Of Many Battles,Fairy,,Snarl,Wild Charge
808,0888,Shadow Zacian Hero Of Many Battles,Fairy,,Fire Fang,Close Combat
809,0888,Shadow Zacian Hero Of Many Battles,Fairy,,Fire Fang,Iron Head
810,0888,Shadow Zacian Hero Of Many Battles,Fairy,,Fire Fang,Play Rough
811,0888,Shadow Zacian Hero Of Many Battles,Fairy,,Fire Fang,Wild Charge
812,0888,Shadow Zacian Hero Of Many Battles,Fairy,,Metal Claw,Close Combat
813,0888,Shadow Zacian Hero Of Many Battles,Fairy,,Metal Claw,Iron Head
814,0888,Shadow Zacian Hero Of Many Battles,Fairy,,Metal Claw,Play Rough
815,0888,Shadow Zacian Hero Of Many Battles,Fairy,,Metal Claw,Wild Charge
816,0888,Shadow Zacian Hero Of Many Battles,Fairy,,Quick Attack,Close Combat
817,0888,Shadow Zacian Hero Of Many Battles,Fairy,,Quick Attack,Iron Head
818,0888,Shadow Zacian Hero Of Many Battles,Fairy,,Quick Attack,Play Rough
819,0888,Shadow Zacian Hero Of Many Battles,Fairy,,Quick Attack,Wild Charge
820,0888,Shadow Zacian Hero Of Many Battles,Fairy,,Snarl,Close Combat
821,0888,Shadow Zacian Hero Of Many Battles,Fairy,,Snarl,Iron Head
822,0888,Shadow Zacian Hero Of Many Battles,Fairy,,Snarl,Play Rough
823,0888,Shadow Zacian Hero Of Many Battles,Fairy,,Snarl,Wild Charge
824,0889,Zamazenta Hero Of Many Battles,Fighting,,Ice Fang,Close Combat
825,0889,Zamazenta Hero Of Many Battles,Fighting,,Ice Fang,Crunch
826,0889,Zamazenta Hero Of Many Battles,Fighting,,Ice Fang,Iron Head
827,0889,Zamazenta Hero Of Many Battles,Fighting,,Ice Fang,Moonblast
828,0889,Zamazenta Hero Of Many Battles,Fighting,,Metal Claw,Close Combat
829,0889,Zamazenta Hero Of Many Battles,Fighting,,Metal Claw,Crunch
830,0889,Zamazenta Hero Of Many Battles,Fighting,,Metal Claw,Iron Head
831,0889,Zamazenta Hero Of Many Battles,Fighting,,Metal Claw,Moonblast
832,0889,Zamazenta Hero Of Many Battles,Fighting,,Quick Attack,Close Combat
833,0889,Zamazenta Hero Of Many Battles,Fighting,,Quick Attack,Crunch
834,0889,Zamazenta Hero Of Many Battles,Fighting,,Quick Attack,Iron Head
835,0889,Zamazenta Hero Of Many Battles,Fighting,,Quick Attack,Moonblast
836,0889,Zamazenta Hero Of Many Battles,Fighting,,Snarl,Close Combat
837,0889,Zamazenta Hero Of Many Battles,Fighting,,Snarl,Crunch
838,0889,Zamazenta Hero Of Many Battles,Fighting,,Snarl,Iron Head
839,0889,Zamazenta Hero Of Many Battles,Fighting,,Snarl,Moonblast
840,0889,Shadow Zamazenta Hero Of Many Battles,Fighting,,Ice Fang,Close Combat
841,0889,Shadow Zamazenta Hero Of Many Battles,Fighting,,Ice Fang,Crunch
842,0889,Shadow Zamazenta Hero Of Many Battles,Fighting,,Ice Fang,Iron Head
843,0889,Shadow Zamazenta Hero Of Many Battles,Fighting,,Ice Fang,Moonblast
844,0889,Shadow Zamazenta Hero Of Many Battles,Fighting,,Metal Claw,Close Combat
845,0889,Shadow Zamazenta Hero Of Many Battles,Fighting,,Metal Claw,Crunch
846,0889,Shadow Zamazenta Hero Of Many Battles,Fighting,,Metal Claw,Iron Head
847,0889,Shadow Zamazenta Hero Of Many Battles,Fighting,,Metal Claw,Moonblast
848,0889,Shadow Zamazenta Hero Of Many Battles,Fighting,,Quick Attack,Close Combat
849,0889,Shadow Zamazenta Hero Of Many Battles,Fighting,,Quick Attack,Crunch
850,0889,Shadow Zamazenta Hero Of Many Battles,Fighting,,Quick Attack,Iron Head
851,0889,Shadow Zamazenta Hero Of Many Battles,Fighting,,Quick Attack,Moonblast
852,0889,Shadow Zamazenta Hero Of Many Battles,Fighting,,Snarl,Close Combat
853,0889,Shadow Zamazenta Hero Of Many Battles,Fighting,,Snarl,Crunch
854,0889,Shadow Zamazenta Hero Of Many Battles,Fighting,,Snarl,Iron Head
855,0889,Shadow Zamazenta Hero Of Many Battles,Fighting,,Snarl,Moonblast
856,0894,Regieleki,Electric,,Lock-On,Hyper Beam
857,0894,Regieleki,Electric,,Lock-On,Thunder
858,0894,Regieleki,Electric,,Lock-On,Zap Cannon
859,0894,Regieleki,Electric,,Thunder Shock,Hyper Beam
860,0894,Regieleki,Electric,,Thunder Shock,Thunder
861,0894,Regieleki,Electric,,Thunder Shock,Zap Cannon
862,0894,Regieleki,Electric,,Volt Switch,Hyper Beam
863,0894,Regieleki,Electric,,Volt Switch,Thunder
864,0894,Regieleki,Electric,,Volt Switch,Zap Cannon
865,0894,Shadow Regieleki,Electric,,Lock-On,Hyper Beam
866,0894,Shadow Regieleki,Electric,,Lock-On,Thunder
867,0894,Shadow Regieleki,Electric,,Lock-On,Zap Cannon
868,0894,Shadow Regieleki,Electric,,Thunder Shock,Hyper Beam
869,0894,Shadow Regieleki,Electric,,Thunder Shock,Thunder
870,0894,Shadow Regieleki,Electric,,Thunder Shock,Zap Cannon
871,0894,Shadow Regieleki,Electric,,Volt Switch,Hyper Beam
872,0894,Shadow Regieleki,Electric,,Volt Switch,Thunder
873,0894,Shadow Regieleki,Electric,,Volt Switch,Zap Cannon
874,0895,Regidrago,Dragon,,Bite,Breaking Swipe
875,0895,Regidrago,Dragon,,Bite,Dragon Pulse
876,0895,Regidrago,Dragon,,Bite,Hyper Beam
877,0895,Regidrago,Dragon,,Bite,Outrage
878,0895,Shadow Regidrago,Dragon,,Bite,Breaking Swipe
879,0895,Shadow Regidrago,Dragon,,Bite,Dragon Pulse
880,0895,Shadow Regidrago,Dragon,,Bite,Hyper Beam
881,0895,Shadow Regidrago,Dragon,,Bite,Outrage
882,0899,Wyrdeer,Normal,Psychic,Confusion,Megahorn
883,0899,Wyrdeer,Normal,Psychic,Confusion,Psychic
884,0899,Wyrdeer,Normal,Psychic,Confusion,Stomp
885,0899,Wyrdeer,Normal,Psychic,Confusion,Wild Charge
886,0899,Wyrdeer,Normal,Psychic,Tackle,Megahorn
887,0899,Wyrdeer,Normal,Psychic,Tackle,Psychic
888,0899,Wyrdeer,Normal,Psychic,Tackle,Stomp
889,0899,Wyrdeer,Normal,Psychic,Tackle,Wild Charge
890,0899,Wyrdeer,Normal,Psychic,Zen Headbutt,Megahorn
891,0899,Wyrdeer,Normal,Psychic,Zen Headbutt,Psychic
892,0899,Wyrdeer,Normal,Psychic,Zen Headbutt,Stomp
893,0899,Wyrdeer,Normal,Psychic,Zen Headbutt,Wild Charge
894,0899,Shadow Wyrdeer,Normal,Psychic,Confusion,Megahorn
895,0899,Shadow Wyrdeer,Normal,Psychic,Confusion,Psychic
896,0899,Shadow Wyrdeer,Normal,Psychic,Confusion,Stomp
897,0899,Shadow Wyrdeer,Normal,Psychic,Confusion,Wild Charge
898,0899,Shadow Wyrdeer,Normal,Psychic,Tackle,Megahorn
899,0899,Shadow Wyrdeer,Normal,Psychic,Tackle,Psychic
900,0899,Shadow Wyrdeer,Normal,Psychic,Tackle,Stomp
901,0899,Shadow Wyrdeer,Normal,Psychic,Tackle,Wild Charge
902,0899,Shadow Wyrdeer,Normal,Psychic,Zen Headbutt,Megahorn
903,0899,Shadow Wyrdeer,Normal,Psychic,Zen Headbutt,Psychic
904,0899,Shadow Wyrdeer,Normal,Psychic,Zen Headbutt,Stomp
905,0899,Shadow Wyrdeer,Normal,Psychic,Zen Headbutt,Wild Charge
906,0905,Enamorus Incarnate Forme,Fairy,Flying,Astonish,Dazzling Gleam
907,0905,Enamorus Incarnate Forme,Fairy,Flying,Astonish,Fly
908,0905,Enamorus Incarnate Forme,Fairy,Flying,Astonish,Grass Knot
909,0905,Enamorus Incarnate Forme,Fairy,Flying,Fairy Wind,Dazzling Gleam
910,0905,Enamorus Incarnate Forme,Fairy,Flying,Fairy Wind,Fly
911,0905,Enamorus Incarnate Forme,Fairy,Flying,Fairy Wind,Grass Knot
912,0905,Enamorus Incarnate Forme,Fairy,Flying,Zen Headbutt,Dazzling Gleam
913,0905,Enamorus Incarnate Forme,Fairy,Flying,Zen Headbutt,Fly
914,0905,Enamorus Incarnate Forme,Fairy,Flying,Zen Headbutt,Grass Knot
915,0905,Shadow Enamorus Incarnate Forme,Fairy,Flying,Astonish,Dazzling Gleam
916,0905,Shadow Enamorus Incarnate Forme,Fairy,Flying,Astonish,Fly
917,0905,Shadow Enamorus Incarnate Forme,Fairy,Flying,Astonish,Grass Knot
918,0905,Shadow Enamorus Incarnate Forme,Fairy,Flying,Fairy Wind,Dazzling Gleam
919,0905,Shadow Enamorus Incarnate Forme,Fairy,Flying,Fairy Wind,Fly
920,0905,Shadow Enamorus Incarnate Forme,Fairy,Flying,Fairy Wind,Grass Knot
921,0905,Shadow Enamorus Incarnate Forme,Fairy,Flying,Zen Headbutt,Dazzling Gleam
922,0905,Shadow Enamorus Incarnate Forme,Fairy,Flying,Zen Headbutt,Fly
923,0905,Shadow Enamorus Incarnate Forme,Fairy,Flying,Zen Headbutt,Grass Knot
924,0906,Sprigatito,Grass,,Charm,Energy Ball
925,0906,Sprigatito,Grass,,Charm,Grass Knot
926,0906,Sprigatito,Grass,,Charm,Play Rough
927,0906,Sprigatito,Grass,,Leafage,Energy Ball
928,0906,Sprigatito,Grass,,Leafage,Grass Knot
929,0906,Sprigatito,Grass,,Leafage,Play Rough
930,0906,Shadow Sprigatito,Grass,,Charm,Energy Ball
931,0906,Shadow Sprigatito,Grass,,Charm,Grass Knot
932,0906,Shadow Sprigatito,Grass,,Charm,Play Rough
933,0906,Shadow Sprigatito,Grass,,Leafage,Energy Ball
934,0906,Shadow Sprigatito,Grass,,Leafage,Grass Knot
935,0906,Shadow Sprigatito,Grass,,Leafage,Play Rough
936,0907,Floragato,Grass,,Charm,Energy Ball
937,0907,Floragato,Grass,,Charm,Grass Knot
938,0907,Floragato,Grass,,Charm,Play Rough
939,0907,Floragato,Grass,,Leafage,Energy Ball
940,0907,Floragato,Grass,,Leafage,Grass Knot
941,0907,Floragato,Grass,,Leafage,Play Rough
942,0907,Shadow Floragato,Grass,,Charm,Energy Ball
943,0907,Shadow Floragato,Grass,,Charm,Grass Knot
944,0907,Shadow Floragato,Grass,,Charm,Play Rough
945,0907,Shadow Floragato,Grass,,Leafage,Energy Ball
946,0907,Shadow Floragato,Grass,,Leafage,Grass Knot
947,0907,Shadow Floragato,Grass,,Leafage,Play Rough
948,0908,Meowscarada,Grass,Dark,Charm,Energy Ball
949,0908,Meowscarada,Grass,Dark,Charm,Grass Knot
950,0908,Meowscarada,Grass,Dark,Charm,Night Slash
951,0908,Meowscarada,Grass,Dark,Charm,Play Rough
952,0908,Meowscarada,Grass,Dark,Leafage,Energy Ball
953,0908,Meowscarada,Grass,Dark,Leafage,Grass Knot
954,0908,Meowscarada,Grass,Dark,Leafage,Night Slash
955,0908,Meowscarada,Grass,Dark,Leafage,Play Rough
956,0908,Shadow Meowscarada,Grass,Dark,Charm,Energy Ball
957,0908,Shadow Meowscarada,Grass,Dark,Charm,Grass Knot
958,0908,Shadow Meowscarada,Grass,Dark,Charm,Night Slash
959,0908,Shadow Meowscarada,Grass,Dark,Charm,Play Rough
960,0908,Shadow Meowscarada,Grass,Dark,Leafage,Energy Ball
961,0908,Shadow Meowscarada,Grass,Dark,Leafage,Grass Knot
962,0908,Shadow Meowscarada,Grass,Dark,Leafage,Night Slash
963,0908,Shadow Meowscarada,Grass,Dark,Leafage,Play Rough
964,0909,Fuecoco,Fire,,Bite,Crunch
965,0909,Fuecoco,Fire,,Bite,Disarming Voice
966,0909,Fuecoco,Fire,,Bite,Flamethrower
967,0909,Fuecoco,Fire,,Incinerate,Crunch
968,0909,Fuecoco,Fire,,Incinerate,Disarming Voice
969,0909,Fuecoco,Fire,,Incinerate,Flamethrower
970,0909,Shadow Fuecoco,Fire,,Bite,Crunch
971,0909,Shadow Fuecoco,Fire,,Bite,Disarming Voice
972,0909,Shadow Fuecoco,Fire,,Bite,Flamethrower
973,0909,Shadow Fuecoco,Fire,,Incinerate,Crunch
974,0909,Shadow Fuecoco,Fire,,Incinerate,Disarming Voice
975,0909,Shadow Fuecoco,Fire,,Incinerate,Flamethrower
976,0910,Crocalor,Fire,,Bite,Crunch
977,0910,Crocalor,Fire,,Bite,Disarming Voice
978,0910,Crocalor,Fire,,Bite,Flamethrower
979,0910,Crocalor,Fire,,Incinerate,Crunch
980,0910,Crocalor,Fire,,Incinerate,Disarming Voice
981,0910,Crocalor,Fire,,Incinerate,Flamethrower
982,0910,Shadow Crocalor,Fire,,Bite,Crunch
983,0910,Shadow Crocalor,Fire,,Bite,Disarming Voice
984,0910,Shadow Crocalor,Fire,,Bite,Flamethrower
985,0910,Shadow Crocalor,Fire,,Incinerate,Crunch
986,0910,Shadow Crocalor,Fire,,Incinerate,Disarming Voice
987,0910,Shadow Crocalor,Fire,,Incinerate,Flamethrower
988,0911,Skeledirge,Fire,Ghost,Bite,Crunch
989,0911,Skeledirge,Fire,Ghost,Bite,Disarming Voice
990,0911,Skeledirge,Fire,Ghost,Bite,Flamethrower
991,0911,Skeledirge,Fire,Ghost,Bite,Shadow Ball
992,0911,Skeledirge,Fire,Ghost,Incinerate,Crunch
993,0911,Skeledirge,Fire,Ghost,Incinerate,Disarming Voice
994,0911,Skeledirge,Fire,Ghost,Incinerate,Flamethrower
995,0911,Skeledirge,Fire,Ghost,Incinerate,Shadow Ball
996,0911,Shadow Skeledirge,Fire,Ghost,Bite,Crunch
997,0911,Shadow Skeledirge,Fire,Ghost,Bite,Disarming Voice
998,0911,Shadow Skeledirge,Fire,Ghost,Bite,Flamethrower
999,0911,Shadow Skeledirge,Fire,Ghost,Bite,Shadow Ball
1000,0911,Shadow Skeledirge,Fire,Ghost,Incinerate,Crunch
1001,0911,Shadow Skeledirge,Fire,Ghost,Incinerate,Disarming Voice
1002,0911,Shadow Skeledirge,Fire,Ghost,Incinerate,Flamethrower
1003,0911,Shadow Skeledirge,Fire,Ghost,Incinerate,Shadow Ball
1004,0912,Quaxly,Water,,Water Gun,Aerial Ace
1005,0912,Quaxly,Water,,Water Gun,Aqua Jet
1006,0912,Quaxly,Water,,Water Gun,Liquidation
1007,0912,Quaxly,Water,,Wing Attack,Aerial Ace
1008,0912,Quaxly,Water,,Wing Attack,Aqua Jet
1009,0912,Quaxly,Water,,Wing Attack,Liquidation
1010,0912,Shadow Quaxly,Water,,Water Gun,Aerial Ace
1011,0912,Shadow Quaxly,Water,,Water Gun,Aqua Jet
1012,0912,Shadow Quaxly,Water,,Water Gun,Liquidation
1013,0912,Shadow Quaxly,Water,,Wing Attack,Aerial Ace
1014,0912,Shadow Quaxly,Water,,Wing Attack,Aqua Jet
1015,0912,Shadow Quaxly,Water,,Wing Attack,Liquidation
1016,0913,Quaxwell,Water,,Water Gun,Aerial Ace
1017,0913,Quaxwell,Water,,Water Gun,Aqua Jet
1018,0913,Quaxwell,Water,,Water Gun,Liquidation
1019,0913,Quaxwell,Water,,Wing Attack,Aerial Ace
1020,0913,Quaxwell,Water,,Wing Attack,Aqua Jet
1021,0913,Quaxwell,Water,,Wing Attack,Liquidation
1022,0913,Shadow Quaxwell,Water,,Water Gun,Aerial Ace
1023,0913,Shadow Quaxwell,Water,,Water Gun,Aqua Jet
1024,0913,Shadow Quaxwell,Water,,Water Gun,Liquidation
1025,0913,Shadow Quaxwell,Water,,Wing Attack,Aerial Ace
1026,0913,Shadow Quaxwell,Water,,Wing Attack,Aqua Jet
1027,0913,Shadow Quaxwell,Water,,Wing Attack,Liquidation
1028,0914,Quaquaval,Water,Fighting,Water Gun,Aerial Ace
1029,0914,Quaquaval,Water,Fighting,Water Gun,Aqua Jet
1030,0914,Quaquaval,Water,Fighting,Water Gun,Close Combat
1031,0914,Quaquaval,Water,Fighting,Water Gun,Liquidation
1032,0914,Quaquaval,Water,Fighting,Wing Attack,Aerial Ace
1033,0914,Quaquaval,Water,Fighting,Wing Attack,Aqua Jet
1034,0914,Quaquaval,Water,Fighting,Wing Attack,Close Combat
1035,0914,Quaquaval,Water,Fighting,Wing Attack,Liquidation
1036,0914,Shadow Quaquaval,Water,Fighting,Water Gun,Aerial Ace
1037,0914,Shadow Quaquaval,Water,Fighting,Water Gun,Aqua Jet
1038,0914,Shadow Quaquaval,Water,Fighting,Water Gun,Close Combat
1039,0914,Shadow Quaquaval,Water,Fighting,Water Gun,Liquidation
1040,0914,Shadow Quaquaval,Water,Fighting,Wing Attack,Aerial Ace
1041,0914,Shadow Quaquaval,Water,Fighting,Wing Attack,Aqua Jet
1042,0914,Shadow Quaquaval,Water,Fighting,Wing Attack,Close Combat
1043,0914,Shadow Quaquaval,Water,Fighting,Wing Attack,Liquidation
1044,0915,Lechonk,Normal,,Tackle,Body Slam
1045,0915,Lechonk,Normal,,Tackle,Dig
1046,0915,Lechonk,Normal,,Tackle,Trailblaze
1047,0915,Lechonk,Normal,,Take Down,Body Slam
1048,0915,Lechonk,Normal,,Take Down,Dig
1049,0915,Lechonk,Normal,,Take Down,Trailblaze
1050,0915,Shadow Lechonk,Normal,,Tackle,Body Slam
1051,0915,Shadow Lechonk,Normal,,Tackle,Dig
1052,0915,Shadow Lechonk,Normal,,Tackle,Trailblaze
1053,0915,Shadow Lechonk,Normal,,Take Down,Body Slam
1054,0915,Shadow Lechonk,Normal,,Take Down,Dig
1055,0915,Shadow Lechonk,Normal,,Take Down,Trailblaze
1056,0916,Oinkologne Male,Normal,,Tackle,Body Slam
1057,0916,Oinkologne Male,Normal,,Tackle,Dig
1058,0916,Oinkologne Male,Normal,,Tackle,Trailblaze
1059,0916,Oinkologne Male,Normal,,Take Down,Body Slam
1060,0916,Oinkologne Male,Normal,,Take Down,Dig
1061,0916,Oinkologne Male,Normal,,Take Down,Trailblaze
1062,0916,Shadow Oinkologne Male,Normal,,Tackle,Body Slam
1063,0916,Shadow Oinkologne Male,Normal,,Tackle,Dig
1064,0916,Shadow Oinkologne Male,Normal,,Tackle,Trailblaze
1065,0916,Shadow Oinkologne Male,Normal,,Take Down,Body Slam
1066,0916,Shadow Oinkologne Male,Normal,,Take Down,Dig
1067,0916,Shadow Oinkologne Male,Normal,,Take Down,Trailblaze
1068,0916,Oinkologne Female,Normal,,Tackle,Body Slam
1069,0916,Oinkologne Female,Normal,,Tackle,Dig
1070,0916,Oinkologne Female,Normal,,Tackle,Trailblaze
1071,0916,Oinkologne Female,Normal,,Take Down,Body Slam
1072,0916,Oinkologne Female,Normal,,Take Down,Dig
1073,0916,Oinkologne Female,Normal,,Take Down,Trailblaze
1074,0916,Shadow Oinkologne Female,Normal,,Tackle,Body Slam
1075,0916,Shadow Oinkologne Female,Normal,,Tackle,Dig
1076,0916,Shadow Oinkologne Female,Normal,,Tackle,Trailblaze
1077,0916,Shadow Oinkologne Female,Normal,,Take Down,Body Slam
1078,0916,Shadow Oinkologne Female,Normal,,Take Down,Dig
1079,0916,Shadow Oinkologne Female,Normal,,Take Down,Trailblaze
1080,0919,Nymble,Bug,,Bug Bite,Bug Buzz
1081,0919,Nymble,Bug,,Bug Bite,Trailblaze
1082,0919,Nymble,Bug,,Bug Bite,X-Scissor
1083,0919,Nymble,Bug,,Struggle Bug,Bug Buzz
1084,0919,Nymble,Bug,,Struggle Bug,Trailblaze
1085,0919,Nymble,Bug,,Struggle Bug,X-Scissor
1086,0919,Shadow Nymble,Bug,,Bug Bite,Bug Buzz
1087,0919,Shadow Nymble,Bug,,Bug Bite,Trailblaze
1088,0919,Shadow Nymble,Bug,,Bug Bite,X-Scissor
1089,0919,Shadow Nymble,Bug,,Struggle Bug,Bug Buzz
1090,0919,Shadow Nymble,Bug,,Struggle Bug,Trailblaze
1091,0919,Shadow Nymble,Bug,,Struggle Bug,X-Scissor
1092,0920,Lokix,Bug,Dark,Bug Bite,Bug Buzz
1093,0920,Lokix,Bug,Dark,Bug Bite,Dark Pulse
1094,0920,Lokix,Bug,Dark,Bug Bite,Trailblaze
1095,0920,Lokix,Bug,Dark,Bug Bite,X-Scissor
1096,0920,Lokix,Bug,Dark,Sucker Punch,Bug Buzz
1097,0920,Lokix,Bug,Dark,Sucker Punch,Dark Pulse
1098,0920,Lokix,Bug,Dark,Sucker Punch,Trailblaze
1099,0920,Lokix,Bug,Dark,Sucker Punch,X-Scissor
1100,0920,Shadow Lokix,Bug,Dark,Bug Bite,Bug Buzz
1101,0920,Shadow Lokix,Bug,Dark,Bug Bite,Dark Pulse
1102,0920,Shadow Lokix,Bug,Dark,Bug Bite,Trailblaze
1103,0920,Shadow Lokix,Bug,Dark,Bug Bite,X-Scissor
1104,0920,Shadow Lokix,Bug,Dark,Sucker Punch,Bug Buzz
1105,0920,Shadow Lokix,Bug,Dark,Sucker Punch,Dark Pulse
1106,0920,Shadow Lokix,Bug,Dark,Sucker Punch,Trailblaze
1107,0920,Shadow Lokix,Bug,Dark,Sucker Punch,X-Scissor
1108,0921,Pawmi,Electric,,Charge Beam,Discharge
1109,0921,Pawmi,Electric,,Charge Beam,Thunderbolt
1110,0921,Pawmi,Electric,,Charge Beam,Wild Charge
1111,0921,Pawmi,Electric,,Spark,Discharge
1112,0921,Pawmi,Electric,,Spark,Thunderbolt
1113,0921,Pawmi,Electric,,Spark,Wild Charge
1114,0921,Shadow Pawmi,Electric,,Charge Beam,Discharge
1115,0921,Shadow Pawmi,Electric,,Charge Beam,Thunderbolt
1116,0921,Shadow Pawmi,Electric,,Charge Beam,Wild Charge
1117,0921,Shadow Pawmi,Electric,,Spark,Discharge
1118,0921,Shadow Pawmi,Electric,,Spark,Thunderbolt
1119,0921,Shadow Pawmi,Electric,,Spark,Wild Charge
1120,0922,Pawmo,Electric,Fighting,Charge Beam,Discharge
1121,0922,Pawmo,Electric,Fighting,Charge Beam,Thunderbolt
1122,0922,Pawmo,Electric,Fighting,Charge Beam,Wild Charge
1123,0922,Pawmo,Electric,Fighting,Spark,Discharge
1124,0922,Pawmo,Electric,Fighting,Spark,Thunderbolt
1125,0922,Pawmo,Electric,Fighting,Spark,Wild Charge
1126,0922,Shadow Pawmo,Electric,Fighting,Charge Beam,Discharge
1127,0922,Shadow Pawmo,Electric,Fighting,Charge Beam,Thunderbolt
1128,0922,Shadow Pawmo,Electric,Fighting,Charge Beam,Wild Charge
1129,0922,Shadow Pawmo,Electric,Fighting,Spark,Discharge
1130,0922,Shadow Pawmo,Electric,Fighting,Spark,Thunderbolt
1131,0922,Shadow Pawmo,Electric,Fighting,Spark,Wild Charge
1132,0923,Pawmot,Electric,Fighting,Charge Beam,Close Combat
1133,0923,Pawmot,Electric,Fighting,Charge Beam,Discharge
1134,0923,Pawmot,Electric,Fighting,Charge Beam,Thunderbolt
1135,0923,Pawmot,Electric,Fighting,Charge Beam,Wild Charge
1136,0923,Pawmot,Electric,Fighting,Low Kick,Close Combat
1137,0923,Pawmot,Electric,Fighting,Low Kick,Discharge
1138,0923,Pawmot,Electric,Fighting,Low Kick,Thunderbolt
1139,0923,Pawmot,Electric,Fighting,Low Kick,Wild Charge
1140,0923,Pawmot,Electric,Fighting,Spark,Close Combat
1141,0923,Pawmot,Electric,Fighting,Spark,Discharge
1142,0923,Pawmot,Electric,Fighting,Spark,Thunderbolt
1143,0923,Pawmot,Electric,Fighting,Spark,Wild Charge
1144,0923,Shadow Pawmot,Electric,Fighting,Charge Beam,Close Combat
1145,0923,Shadow Pawmot,Electric,Fighting,Charge Beam,Discharge
1146,0923,Shadow Pawmot,Electric,Fighting,Charge Beam,Thunderbolt
1147,0923,Shadow Pawmot,Electric,Fighting,Charge Beam,Wild Charge
1148,0923,Shadow Pawmot,Electric,Fighting,Low Kick,Close Combat
1149,0923,Shadow Pawmot,Electric,Fighting,Low Kick,Discharge
1150,0923,Shadow Pawmot,Electric,Fighting,Low Kick,Thunderbolt
1151,0923,Shadow Pawmot,Electric,Fighting,Low Kick,Wild Charge
1152,0923,Shadow Pawmot,Electric,Fighting,Spark,Close Combat
1153,0923,Shadow Pawmot,Electric,Fighting,Spark,Discharge
1154,0923,Shadow Pawmot,Electric,Fighting,Spark,Thunderbolt
1155,0923,Shadow Pawmot,Electric,Fighting,Spark,Wild Charge
1156,0928,Smoliv,Grass,Normal,Razor Leaf,Earth Power
1157,0928,Smoliv,Grass,Normal,Razor Leaf,Energy Ball
1158,0928,Smoliv,Grass,Normal,Razor Leaf,Seed Bomb
1159,0928,Smoliv,Grass,Normal,Razor Leaf,Trailblaze
1160,0928,Smoliv,Grass,Normal,Tackle,Earth Power
1161,0928,Smoliv,Grass,Normal,Tackle,Energy Ball
1162,0928,Smoliv,Grass,Normal,Tackle,Seed Bomb
1163,0928,Smoliv,Grass,Normal,Tackle,Trailblaze
1164,0928,Shadow Smoliv,Grass,Normal,Razor Leaf,Earth Power
1165,0928,Shadow Smoliv,Grass,Normal,Razor Leaf,Energy Ball
1166,0928,Shadow Smoliv,Grass,Normal,Razor Leaf,Seed Bomb
1167,0928,Shadow Smoliv,Grass,Normal,Razor Leaf,Trailblaze
1168,0928,Shadow Smoliv,Grass,Normal,Tackle,Earth Power
1169,0928,Shadow Smoliv,Grass,Normal,Tackle,Energy Ball
1170,0928,Shadow Smoliv,Grass,Normal,Tackle,Seed Bomb
1171,0928,Shadow Smoliv,Grass,Normal,Tackle,Trailblaze
1172,0929,Dolliv,Grass,Normal,Magical Leaf,Earth Power
1173,0929,Dolliv,Grass,Normal,Magical Leaf,Energy Ball
1174,0929,Dolliv,Grass,Normal,Magical Leaf,Seed Bomb
1175,0929,Dolliv,Grass,Normal,Magical Leaf,Trailblaze
1176,0929,Dolliv,Grass,Normal,Razor Leaf,Earth Power
1177,0929,Dolliv,Grass,Normal,Razor Leaf,Energy Ball
1178,0929,Dolliv,Grass,Normal,Razor Leaf,Seed Bomb
1179,0929,Dolliv,Grass,Normal,Razor Leaf,Trailblaze
1180,0929,Dolliv,Grass,Normal,Tackle,Earth Power
1181,0929,Dolliv,Grass,Normal,Tackle,Energy Ball
1182,0929,Dolliv,Grass,Normal,Tackle,Seed Bomb
1183,0929,Dolliv,Grass,Normal,Tackle,Trailblaze
1184,0929,Shadow Dolliv,Grass,Normal,Magical Leaf,Earth Power
1185,0929,Shadow Dolliv,Grass,Normal,Magical Leaf,Energy Ball
1186,0929,Shadow Dolliv,Grass,Normal,Magical Leaf,Seed Bomb
1187,0929,Shadow Dolliv,Grass,Normal,Magical Leaf,Trailblaze
1188,0929,Shadow Dolliv,Grass,Normal,Razor Leaf,Earth Power
1189,0929,Shadow Dolliv,Grass,Normal,Razor Leaf,Energy Ball
1190,0929,Shadow Dolliv,Grass,Normal,Razor Leaf,Seed Bomb
1191,0929,Shadow Dolliv,Grass,Normal,Razor Leaf,Trailblaze
1192,0929,Shadow Dolliv,Grass,Normal,Tackle,Earth Power
1193,0929,Shadow Dolliv,Grass,Normal,Tackle,Energy Ball
1194,0929,Shadow Dolliv,Grass,Normal,Tackle,Seed Bomb
1195,0929,Shadow Dolliv,Grass,Normal,Tackle,Trailblaze
1196,0930,Arboliva,Grass,Normal,Magical Leaf,Earth Power
1197,0930,Arboliva,Grass,Normal,Magical Leaf,Energy Ball
1198,0930,Arboliva,Grass,Normal,Magical Leaf,Seed Bomb
1199,0930,Arboliva,Grass,Normal,Magical Leaf,Trailblaze
1200,0930,Arboliva,Grass,Normal,Razor Leaf,Earth Power
1201,0930,Arboliva,Grass,Normal,Razor Leaf,Energy Ball
1202,0930,Arboliva,Grass,Normal,Razor Leaf,Seed Bomb
1203,0930,Arboliva,Grass,Normal,Razor Leaf,Trailblaze
1204,0930,Arboliva,Grass,Normal,Tackle,Earth Power
1205,0930,Arboliva,Grass,Normal,Tackle,Energy Ball
1206,0930,Arboliva,Grass,Normal,Tackle,Seed Bomb
1207,0930,Arboliva,Grass,Normal,Tackle,Trailblaze
1208,0930,Shadow Arboliva,Grass,Normal,Magical Leaf,Earth Power
1209,0930,Shadow Arboliva,Grass,Normal,Magical Leaf,Energy Ball
1210,0930,Shadow Arboliva,Grass,Normal,Magical Leaf,Seed Bomb
1211,0930,Shadow Arboliva,Grass,Normal,Magical Leaf,Trailblaze
1212,0930,Shadow Arboliva,Grass,Normal,Razor Leaf,Earth Power
1213,0930,Shadow Arboliva,Grass,Normal,Razor Leaf,Energy Ball
1214,0930,Shadow Arboliva,Grass,Normal,Razor Leaf,Seed Bomb
1215,0930,Shadow Arboliva,Grass,Normal,Razor Leaf,Trailblaze
1216,0930,Shadow Arboliva,Grass,Normal,Tackle,Earth Power
1217,0930,Shadow Arboliva,Grass,Normal,Tackle,Energy Ball
1218,0930,Shadow Arboliva,Grass,Normal,Tackle,Seed Bomb
1219,0930,Shadow Arboliva,Grass,Normal,Tackle,Trailblaze
1220,0939,Bellibolt,Electric,,Thunder Shock,Discharge
1221,0939,Bellibolt,Electric,,Thunder Shock,Parabolic Charge
1222,0939,Bellibolt,Electric,,Thunder Shock,Zap Cannon
1223,0939,Bellibolt,Electric,,Water Gun,Discharge
1224,0939,Bellibolt,Electric,,Water Gun,Parabolic Charge
1225,0939,Bellibolt,Electric,,Water Gun,Zap Cannon
1226,0939,Shadow Bellibolt,Electric,,Thunder Shock,Discharge
1227,0939,Shadow Bellibolt,Electric,,Thunder Shock,Parabolic Charge
1228,0939,Shadow Bellibolt,Electric,,Thunder Shock,Zap Cannon
1229,0939,Shadow Bellibolt,Electric,,Water Gun,Discharge
1230,0939,Shadow Bellibolt,Electric,,Water Gun,Parabolic Charge
1231,0939,Shadow Bellibolt,Electric,,Water Gun,Zap Cannon
1232,0962,Bombirdier,Flying,Dark,Rock Throw,Aerial Ace
1233,0962,Bombirdier,Flying,Dark,Rock Throw,Fly
1234,0962,Bombirdier,Flying,Dark,Rock Throw,Payback
1235,0962,Bombirdier,Flying,Dark,Wing Attack,Aerial Ace
1236,0962,Bombirdier,Flying,Dark,Wing Attack,Fly
1237,0962,Bombirdier,Flying,Dark,Wing Attack,Payback
1238,0962,Shadow Bombirdier,Flying,Dark,Rock Throw,Aerial Ace
1239,0962,Shadow Bombirdier,Flying,Dark,Rock Throw,Fly
1240,0962,Shadow Bombirdier,Flying,Dark,Rock Throw,Payback
1241,0962,Shadow Bombirdier,Flying,Dark,Wing Attack,Aerial Ace
1242,0962,Shadow Bombirdier,Flying,Dark,Wing Attack,Fly
1243,0962,Shadow Bombirdier,Flying,Dark,Wing Attack,Payback
1244,0965,Varoom,Steel,Poison,Lick,Acid Spray
1245,0965,Varoom,Steel,Poison,Lick,Gunk Shot
1246,0965,Varoom,Steel,Poison,Lick,Gyro Ball
1247,0965,Varoom,Steel,Poison,Poison Jab,Acid Spray
1248,0965,Varoom,Steel,Poison,Poison Jab,Gunk Shot
1249,0965,Varoom,Steel,Poison,Poison Jab,Gyro Ball
1250,0965,Shadow Varoom,Steel,Poison,Lick,Acid Spray
1251,0965,Shadow Varoom,Steel,Poison,Lick,Gunk Shot
1252,0965,Shadow Varoom,Steel,Poison,Lick,Gyro Ball
1253,0965,Shadow Varoom,Steel,Poison,Poison Jab,Acid Spray
1254,0965,Shadow Varoom,Steel,Poison,Poison Jab,Gunk Shot
1255,0965,Shadow Varoom,Steel,Poison,Poison Jab,Gyro Ball
1256,0966,Revavroom,Steel,Poison,Lick,Acid Spray
1257,0966,Revavroom,Steel,Poison,Lick,Gunk Shot
1258,0966,Revavroom,Steel,Poison,Lick,Gyro Ball
1259,0966,Revavroom,Steel,Poison,Lick,Overheat
1260,0966,Revavroom,Steel,Poison,Poison Jab,Acid Spray
1261,0966,Revavroom,Steel,Poison,Poison Jab,Gunk Shot
1262,0966,Revavroom,Steel,Poison,Poison Jab,Gyro Ball
1263,0966,Revavroom,Steel,Poison,Poison Jab,Overheat
1264,0966,Shadow Revavroom,Steel,Poison,Lick,Acid Spray
1265,0966,Shadow Revavroom,Steel,Poison,Lick,Gunk Shot
1266,0966,Shadow Revavroom,Steel,Poison,Lick,Gyro Ball
1267,0966,Shadow Revavroom,Steel,Poison,Lick,Overheat
1268,0966,Shadow Revavroom,Steel,Poison,Poison Jab,Acid Spray
1269,0966,Shadow Revavroom,Steel,Poison,Poison Jab,Gunk Shot
1270,0966,Shadow Revavroom,Steel,Poison,Poison Jab,Gyro Ball
1271,0966,Shadow Revavroom,Steel,Poison,Poison Jab,Overheat
1272,0971,Greavard,Ghost,,Bite,Dig
1273,0971,Greavard,Ghost,,Bite,Psychic Fangs
1274,0971,Greavard,Ghost,,Bite,Shadow Ball
1275,0971,Greavard,Ghost,,Lick,Dig
1276,0971,Greavard,Ghost,,Lick,Psychic Fangs
1277,0971,Greavard,Ghost,,Lick,Shadow Ball
1278,0971,Shadow Greavard,Ghost,,Bite,Dig
1279,0971,Shadow Greavard,Ghost,,Bite,Psychic Fangs
1280,0971,Shadow Greavard,Ghost,,Bite,Shadow Ball
1281,0971,Shadow Greavard,Ghost,,Lick,Dig
1282,0971,Shadow Greavard,Ghost,,Lick,Psychic Fangs
1283,0971,Shadow Greavard,Ghost,,Lick,Shadow Ball
1284,0972,Houndstone,Ghost,,Bite,Dig
1285,0972,Houndstone,Ghost,,Bite,Psychic Fangs
1286,0972,Houndstone,Ghost,,Bite,Shadow Ball
1287,0972,Houndstone,Ghost,,Lick,Dig
1288,0972,Houndstone,Ghost,,Lick,Psychic Fangs
1289,0972,Houndstone,Ghost,,Lick,Shadow Ball
1290,0972,Shadow Houndstone,Ghost,,Bite,Dig
1291,0972,Shadow Houndstone,Ghost,,Bite,Psychic Fangs
1292,0972,Shadow Houndstone,Ghost,,Bite,Shadow Ball
1293,0972,Shadow Houndstone,Ghost,,Lick,Dig
1294,0972,Shadow Houndstone,Ghost,,Lick,Psychic Fangs
1295,0972,Shadow Houndstone,Ghost,,Lick,Shadow Ball
1296,0974,Cetoddle,Ice,,Ice Shard,Avalanche
1297,0974,Cetoddle,Ice,,Ice Shard,Body Slam
1298,0974,Cetoddle,Ice,,Ice Shard,Heavy Slam
1299,0974,Cetoddle,Ice,,Tackle,Avalanche
1300,0974,Cetoddle,Ice,,Tackle,Body Slam
1301,0974,Cetoddle,Ice,,Tackle,Heavy Slam
1302,0974,Shadow Cetoddle,Ice,,Ice Shard,Avalanche
1303,0974,Shadow Cetoddle,Ice,,Ice Shard,Body Slam
1304,0974,Shadow Cetoddle,Ice,,Ice Shard,Heavy Slam
1305,0974,Shadow Cetoddle,Ice,,Tackle,Avalanche
1306,0974,Shadow Cetoddle,Ice,,Tackle,Body Slam
1307,0974,Shadow Cetoddle,Ice,,Tackle,Heavy Slam
1308,0975,Cetitan,Ice,,Ice Shard,Avalanche
1309,0975,Cetitan,Ice,,Ice Shard,Body Slam
1310,0975,Cetitan,Ice,,Ice Shard,Heavy Slam
1311,0975,Cetitan,Ice,,Tackle,Avalanche
1312,0975,Cetitan,Ice,,Tackle,Body Slam
1313,0975,Cetitan,Ice,,Tackle,Heavy Slam
1314,0975,Shadow Cetitan,Ice,,Ice Shard,Avalanche
1315,0975,Shadow Cetitan,Ice,,Ice Shard,Body Slam
1316,0975,Shadow Cetitan,Ice,,Ice Shard,Heavy Slam
1317,0975,Shadow Cetitan,Ice,,Tackle,Avalanche
1318,0975,Shadow Cetitan,Ice,,Tackle,Body Slam
1319,0975,Shadow Cetitan,Ice,,Tackle,Heavy Slam
1320,0979,Annihilape,Fighting,Ghost,Counter,Close Combat
1321,0979,Annihilape,Fighting,Ghost,Counter,Ice Punch
1322,0979,Annihilape,Fighting,Ghost,Counter,Low Sweep
1323,0979,Annihilape,Fighting,Ghost,Counter,Night Slash
1324,0979,Annihilape,Fighting,Ghost,Counter,Shadow Ball
1325,0979,Annihilape,Fighting,Ghost,Low Kick,Close Combat
1326,0979,Annihilape,Fighting,Ghost,Low Kick,Ice Punch
1327,0979,Annihilape,Fighting,Ghost,Low Kick,Low Sweep
1328,0979,Annihilape,Fighting,Ghost,Low Kick,Night Slash
1329,0979,Annihilape,Fighting,Ghost,Low Kick,Shadow Ball
1330,0979,Shadow Annihilape,Fighting,Ghost,Counter,Close Combat
1331,0979,Shadow Annihilape,Fighting,Ghost,Counter,Ice Punch
1332,0979,Shadow Annihilape,Fighting,Ghost,Counter,Low Sweep
1333,0979,Shadow Annihilape,Fighting,Ghost,Counter,Night Slash
1334,0979,Shadow Annihilape,Fighting,Ghost,Counter,Shadow Ball
1335,0979,Shadow Annihilape,Fighting,Ghost,Low Kick,Close Combat
1336,0979,Shadow Annihilape,Fighting,Ghost,Low Kick,Ice Punch
1337,0979,Shadow Annihilape,Fighting,Ghost,Low Kick,Low Sweep
1338,0979,Shadow Annihilape,Fighting,Ghost,Low Kick,Night Slash
1339,0979,Shadow Annihilape,Fighting,Ghost,Low Kick,Shadow Ball
1340,0980,Clodsire,Poison,Ground,Mud Shot,Acid Spray
1341,0980,Clodsire,Poison,Ground,Mud Shot,Earthquake
1342,0980,Clodsire,Poison,Ground,Mud Shot,Sludge Bomb
1343,0980,Clodsire,Poison,Ground,Mud Shot,Stone Edge
1344,0980,Clodsire,Poison,Ground,Mud Shot,Water Pulse
1345,0980,Clodsire,Poison,Ground,Mud Shot,Megahorn
1346,0980,Clodsire,Poison,Ground,Poison Sting,Acid Spray
1347,0980,Clodsire,Poison,Ground,Poison Sting,Earthquake
1348,0980,Clodsire,Poison,Ground,Poison Sting,Sludge Bomb
1349,0980,Clodsire,Poison,Ground,Poison Sting,Stone Edge
1350,0980,Clodsire,Poison,Ground,Poison Sting,Water Pulse
1351,0980,Clodsire,Poison,Ground,Poison Sting,Megahorn
1352,0980,Shadow Clodsire,Poison,Ground,Mud Shot,Acid Spray
1353,0980,Shadow Clodsire,Poison,Ground,Mud Shot,Earthquake
1354,0980,Shadow Clodsire,Poison,Ground,Mud Shot,Sludge Bomb
1355,0980,Shadow Clodsire,Poison,Ground,Mud Shot,Stone Edge
1356,0980,Shadow Clodsire,Poison,Ground,Mud Shot,Water Pulse
1357,0980,Shadow Clodsire,Poison,Ground,Mud Shot,Megahorn
1358,0980,Shadow Clodsire,Poison,Ground,Poison Sting,Acid Spray
1359,0980,Shadow Clodsire,Poison,Ground,Poison Sting,Earthquake
1360,0980,Shadow Clodsire,Poison,Ground,Poison Sting,Sludge Bomb
1361,0980,Shadow Clodsire,Poison,Ground,Poison Sting,Stone Edge
1362,0980,Shadow Clodsire,Poison,Ground,Poison Sting,Water Pulse
1363,0980,Shadow Clodsire,Poison,Ground,Poison Sting,Megahorn
1364,0996,Frigibax,Dragon,Ice,Dragon Breath,Avalanche
1365,0996,Frigibax,Dragon,Ice,Dragon Breath,Dragon Claw
1366,0996,Frigibax,Dragon,Ice,Dragon Breath,Icy Wind
1367,0996,Frigibax,Dragon,Ice,Dragon Breath,Outrage
1368,0996,Frigibax,Dragon,Ice,Ice Fang,Avalanche
1369,0996,Frigibax,Dragon,Ice,Ice Fang,Dragon Claw
1370,0996,Frigibax,Dragon,Ice,Ice Fang,Icy Wind
1371,0996,Frigibax,Dragon,Ice,Ice Fang,Outrage
1372,0996,Shadow Frigibax,Dragon,Ice,Dragon Breath,Avalanche
1373,0996,Shadow Frigibax,Dragon,Ice,Dragon Breath,Dragon Claw
1374,0996,Shadow Frigibax,Dragon,Ice,Dragon Breath,Icy Wind
1375,0996,Shadow Frigibax,Dragon,Ice,Dragon Breath,Outrage
1376,0996,Shadow Frigibax,Dragon,Ice,Ice Fang,Avalanche
1377,0996,Shadow Frigibax,Dragon,Ice,Ice Fang,Dragon Claw
1378,0996,Shadow Frigibax,Dragon,Ice,Ice Fang,Icy Wind
1379,0996,Shadow Frigibax,Dragon,Ice,Ice Fang,Outrage
1380,0997,Arctibax,Dragon,Ice,Dragon Breath,Avalanche
1381,0997,Arctibax,Dragon,Ice,Dragon Breath,Dragon Claw
1382,0997,Arctibax,Dragon,Ice,Dragon Breath,Icy Wind
1383,0997,Arctibax,Dragon,Ice,Dragon Breath,Outrage
1384,0997,Arctibax,Dragon,Ice,Ice Fang,Avalanche
1385,0997,Arctibax,Dragon,Ice,Ice Fang,Dragon Claw
1386,0997,Arctibax,Dragon,Ice,Ice Fang,Icy Wind
1387,0997,Arctibax,Dragon,Ice,Ice Fang,Outrage
1388,0997,Shadow Arctibax,Dragon,Ice,Dragon Breath,Avalanche
1389,0997,Shadow Arctibax,Dragon,Ice,Dragon Breath,Dragon Claw
1390,0997,Shadow Arctibax,Dragon,Ice,Dragon Breath,Icy Wind
1391,0997,Shadow Arctibax,Dragon,Ice,Dragon Breath,Outrage
1392,0997,Shadow Arctibax,Dragon,Ice,Ice Fang,Avalanche
1393,0997,Shadow Arctibax,Dragon,Ice,Ice Fang,Dragon Claw
1394,0997,Shadow Arctibax,Dragon,Ice,Ice Fang,Icy Wind
1395,0997,Shadow Arctibax,Dragon,Ice,Ice Fang,Outrage
1396,0999,Gimmighoul Roaming Form,Ghost,,Astonish,Shadow Ball
1397,0999,Shadow Gimmighoul Roaming Form,Ghost,,Astonish,Shadow Ball
